{"["0.csv","Var"]":{"Gaussian":0.8056640625,"t_Copula":0.7604492187,"t_Copula_Capped":0.7899414062,"Clayton":0.833203125,"Frank":0.7556640625,"Gumbel":0.7831054687,"Plackett":0.7489257812,"Gauss Mix Indep":0.7350585937},"["0.csv","ERM k=10"]":{"Gaussian":0.777734375,"t_Copula":0.7680664062,"t_Copula_Capped":0.77734375,"Clayton":0.7490234375,"Frank":0.739453125,"Gumbel":0.8474609375,"Plackett":0.7345703125,"Gauss Mix Indep":0.7502929687},"["0.csv","ERM k=20"]":{"Gaussian":0.814453125,"t_Copula":0.7879882812,"t_Copula_Capped":0.8048828125,"Clayton":0.7310546875,"Frank":0.7536132812,"Gumbel":0.9067382812,"Plackett":0.7504882812,"Gauss Mix Indep":0.7544921875},"["0.csv","ES q=0.01"]":{"Gaussian":0.6857421875,"t_Copula":0.73359375,"t_Copula_Capped":0.71875,"Clayton":0.9264648437,"Frank":0.75,"Gumbel":0.7467773437,"Plackett":0.7532226562,"Gauss Mix Indep":0.7388671875},"["0.csv","ES q=0.05"]":{"Gaussian":0.5263671875,"t_Copula":0.4872070312,"t_Copula_Capped":0.4892578125,"Clayton":0.51328125,"Frank":0.4625,"Gumbel":0.48203125,"Plackett":0.4244140625,"Gauss Mix Indep":0.4435546875},"["0.csv","ES q=0.10"]":{"Gaussian":0.17734375,"t_Copula":0.16875,"t_Copula_Capped":0.1725585937,"Clayton":0.0,"Frank":0.1790039062,"Gumbel":0.1702148437,"Plackett":0.16875,"Gauss Mix Indep":0.1630859375},"["1.csv","Var"]":{"Gaussian":0.7158203125,"t_Copula":0.6911132812,"t_Copula_Capped":0.6984375,"Clayton":0.694140625,"Frank":0.6774414062,"Gumbel":0.6840820312,"Plackett":0.658984375,"Gauss Mix Indep":0.6624023437},"["1.csv","ERM k=10"]":{"Gaussian":0.7311523437,"t_Copula":0.7206054687,"t_Copula_Capped":0.7243164062,"Clayton":0.6247070312,"Frank":0.7045898437,"Gumbel":0.8014648437,"Plackett":0.6868164062,"Gauss Mix Indep":0.705078125},"["1.csv","ERM k=20"]":{"Gaussian":0.7666015625,"t_Copula":0.7434570312,"t_Copula_Capped":0.7484375,"Clayton":0.6194335937,"Frank":0.71484375,"Gumbel":0.8573242187,"Plackett":0.6959960937,"Gauss Mix Indep":0.7125},"["1.csv","ES q=0.01"]":{"Gaussian":0.6415039062,"t_Copula":0.68828125,"t_Copula_Capped":0.6775390625,"Clayton":0.72109375,"Frank":0.7280273437,"Gumbel":0.7130859375,"Plackett":0.7262695312,"Gauss Mix Indep":0.6979492187},"["1.csv","ES q=0.05"]":{"Gaussian":0.5607421875,"t_Copula":0.5310546875,"t_Copula_Capped":0.5259765625,"Clayton":0.73203125,"Frank":0.4889648437,"Gumbel":0.5049804687,"Plackett":0.4763671875,"Gauss Mix Indep":0.4987304687},"["1.csv","ES q=0.10"]":{"Gaussian":0.2266601562,"t_Copula":0.206640625,"t_Copula_Capped":0.2178710937,"Clayton":0.2232421875,"Frank":0.2905273437,"Gumbel":0.1923828125,"Plackett":0.23515625,"Gauss Mix Indep":0.20625},"["10.csv","Var"]":{"Gaussian":0.728515625,"t_Copula":0.6735351562,"t_Copula_Capped":0.7096679687,"Clayton":0.7735351562,"Frank":0.7245117187,"Gumbel":0.7193359375,"Plackett":0.70390625,"Gauss Mix Indep":0.5991210937},"["10.csv","ERM k=10"]":{"Gaussian":0.7314453125,"t_Copula":0.6916015625,"t_Copula_Capped":0.7149414062,"Clayton":0.7239257812,"Frank":0.7416992187,"Gumbel":0.8250976562,"Plackett":0.716015625,"Gauss Mix Indep":0.6358398437},"["10.csv","ERM k=20"]":{"Gaussian":0.7388671875,"t_Copula":0.6607421875,"t_Copula_Capped":0.7088867187,"Clayton":0.6732421875,"Frank":0.7202148437,"Gumbel":0.857421875,"Plackett":0.6916015625,"Gauss Mix Indep":0.516015625},"["10.csv","ES q=0.01"]":{"Gaussian":0.69453125,"t_Copula":0.740234375,"t_Copula_Capped":0.710546875,"Clayton":0.838671875,"Frank":0.7752929687,"Gumbel":0.770703125,"Plackett":0.765625,"Gauss Mix Indep":0.8139648437},"["10.csv","ES q=0.05"]":{"Gaussian":0.710546875,"t_Copula":0.6865234375,"t_Copula_Capped":0.7038085937,"Clayton":1.0,"Frank":0.674609375,"Gumbel":0.64375,"Plackett":0.67421875,"Gauss Mix Indep":0.6107421875},"["10.csv","ES q=0.10"]":{"Gaussian":0.6650390625,"t_Copula":0.42578125,"t_Copula_Capped":0.5452148437,"Clayton":0.93125,"Frank":0.6568359375,"Gumbel":0.415625,"Plackett":0.5805664062,"Gauss Mix Indep":0.3768554687},"["11.csv","Var"]":{"Gaussian":0.7495117187,"t_Copula":0.6962890625,"t_Copula_Capped":0.7305664062,"Clayton":0.7875,"Frank":0.7470703125,"Gumbel":0.7444335937,"Plackett":0.726953125,"Gauss Mix Indep":0.6178710937},"["11.csv","ERM k=10"]":{"Gaussian":0.741015625,"t_Copula":0.7052734375,"t_Copula_Capped":0.7243164062,"Clayton":0.7400390625,"Frank":0.7514648437,"Gumbel":0.8311523437,"Plackett":0.7291992187,"Gauss Mix Indep":0.6534179687},"["11.csv","ERM k=20"]":{"Gaussian":0.7481445312,"t_Copula":0.6774414062,"t_Copula_Capped":0.7184570312,"Clayton":0.6883789062,"Frank":0.732421875,"Gumbel":0.8594726562,"Plackett":0.705078125,"Gauss Mix Indep":0.5196289062},"["11.csv","ES q=0.01"]":{"Gaussian":0.6905273437,"t_Copula":0.757421875,"t_Copula_Capped":0.717578125,"Clayton":0.883203125,"Frank":0.7694335937,"Gumbel":0.7665039062,"Plackett":0.7772460937,"Gauss Mix Indep":0.8305664062},"["11.csv","ES q=0.05"]":{"Gaussian":0.7310546875,"t_Copula":0.6891601562,"t_Copula_Capped":0.715625,"Clayton":1.0,"Frank":0.71796875,"Gumbel":0.6594726562,"Plackett":0.7060546875,"Gauss Mix Indep":0.6176757812},"["11.csv","ES q=0.10"]":{"Gaussian":0.5359375,"t_Copula":0.3978515625,"t_Copula_Capped":0.430859375,"Clayton":0.7599609375,"Frank":0.56640625,"Gumbel":0.393359375,"Plackett":0.5359375,"Gauss Mix Indep":0.3802734375},"["12.csv","Var"]":{"Gaussian":0.7499023437,"t_Copula":0.6961914062,"t_Copula_Capped":0.7306640625,"Clayton":0.7669921875,"Frank":0.7438476562,"Gumbel":0.7495117187,"Plackett":0.7280273437,"Gauss Mix Indep":0.591015625},"["12.csv","ERM k=10"]":{"Gaussian":0.7520507812,"t_Copula":0.722265625,"t_Copula_Capped":0.73828125,"Clayton":0.7263671875,"Frank":0.7563476562,"Gumbel":0.8418945312,"Plackett":0.7422851562,"Gauss Mix Indep":0.6469726562},"["12.csv","ERM k=20"]":{"Gaussian":0.7583007812,"t_Copula":0.6982421875,"t_Copula_Capped":0.7333984375,"Clayton":0.6709960937,"Frank":0.73515625,"Gumbel":0.8693359375,"Plackett":0.7186523437,"Gauss Mix Indep":0.5118164062},"["12.csv","ES q=0.01"]":{"Gaussian":0.7078125,"t_Copula":0.759765625,"t_Copula_Capped":0.7375976562,"Clayton":0.90078125,"Frank":0.7842773437,"Gumbel":0.7682617187,"Plackett":0.7791015625,"Gauss Mix Indep":0.8296875},"["12.csv","ES q=0.05"]":{"Gaussian":0.7248046875,"t_Copula":0.69375,"t_Copula_Capped":0.71328125,"Clayton":1.0,"Frank":0.740234375,"Gumbel":0.6489257812,"Plackett":0.70625,"Gauss Mix Indep":0.5856445312},"["12.csv","ES q=0.10"]":{"Gaussian":0.6330078125,"t_Copula":0.4181640625,"t_Copula_Capped":0.5123046875,"Clayton":0.928515625,"Frank":0.6263671875,"Gumbel":0.390625,"Plackett":0.598828125,"Gauss Mix Indep":0.3749023437},"["13.csv","Var"]":{"Gaussian":0.7783203125,"t_Copula":0.7176757812,"t_Copula_Capped":0.7545898437,"Clayton":0.795703125,"Frank":0.7763671875,"Gumbel":0.779296875,"Plackett":0.7495117187,"Gauss Mix Indep":0.6616210937},"["13.csv","ERM k=10"]":{"Gaussian":0.7692382812,"t_Copula":0.7362304687,"t_Copula_Capped":0.7537109375,"Clayton":0.733203125,"Frank":0.775390625,"Gumbel":0.8725585937,"Plackett":0.7491210937,"Gauss Mix Indep":0.7091796875},"["13.csv","ERM k=20"]":{"Gaussian":0.7724609375,"t_Copula":0.7029296875,"t_Copula_Capped":0.7415039062,"Clayton":0.6810546875,"Frank":0.7547851562,"Gumbel":0.9053710937,"Plackett":0.720703125,"Gauss Mix Indep":0.5932617187},"["13.csv","ES q=0.01"]":{"Gaussian":0.7224609375,"t_Copula":0.770703125,"t_Copula_Capped":0.7581054687,"Clayton":0.916015625,"Frank":0.8028320312,"Gumbel":0.7844726563,"Plackett":0.794140625,"Gauss Mix Indep":0.8296875},"["13.csv","ES q=0.05"]":{"Gaussian":0.8009765625,"t_Copula":0.6984375,"t_Copula_Capped":0.7591796875,"Clayton":1.0,"Frank":0.7471679687,"Gumbel":0.6696289062,"Plackett":0.715625,"Gauss Mix Indep":0.6193359375},"["13.csv","ES q=0.10"]":{"Gaussian":0.7345703125,"t_Copula":0.5180664062,"t_Copula_Capped":0.6349609375,"Clayton":1.0,"Frank":0.824609375,"Gumbel":0.5271484375,"Plackett":0.6927734375,"Gauss Mix Indep":0.3874023437},"["14.csv","Var"]":{"Gaussian":0.7606445312,"t_Copula":0.7235351562,"t_Copula_Capped":0.730859375,"Clayton":0.8072265625,