{"0.csv":{"Gaussian":0.4792188233,"t_Copula":0.5800560871,"t_Copula_Capped":0.5744529692,"Clayton":-0.5313525033,"Frank":-0.0125510995,"Gumbel":0.4531905713,"Plackett":0.483111902,"Gauss Mix Indep":0.5196325722},"1.csv":{"Gaussian":0.421336123,"t_Copula":0.4937350295,"t_Copula_Capped":0.4924015313,"Clayton":0.3304485175,"Frank":0.1060026216,"Gumbel":0.4139734567,"Plackett":0.432339045,"Gauss Mix Indep":0.4761412828},"10.csv":{"Gaussian":0.2183361585,"t_Copula":0.4972733809,"t_Copula_Capped":0.4648233827,"Clayton":-3.6956864945,"Frank":-0.4041064347,"Gumbel":0.4139810617,"Plackett":0.4028709171,"Gauss Mix Indep":0.3521633386},"11.csv":{"Gaussian":0.2433624952,"t_Copula":0.5453374919,"t_Copula_Capped":0.5103636965,"Clayton":-3.6213884696,"Frank":-0.4519936246,"Gumbel":0.4322843702,"Plackett":0.444203783,"Gauss Mix Indep":0.3627408102},"12.csv":{"Gaussian":0.1349506301,"t_Copula":0.5084620705,"t_Copula_Capped":0.4613081834,"Clayton":-2.692534153,"Frank":-0.7393384088,"Gumbel":0.3268122481,"Plackett":0.3727134746,"Gauss Mix Indep":-0.0412930136},"13.csv":{"Gaussian":0.3023928172,"t_Copula":0.5515422741,"t_Copula_Capped":0.5142237122,"Clayton":-1.3801645066,"Frank":-0.3533197151,"Gumbel":0.4198639019,"Plackett":0.439826435,"Gauss Mix Indep":0.513311648},"14.csv":{"Gaussian":0.3509371828,"t_Copula":0.4807233976,"t_Copula_Capped":0.4740776617,"Clayton":-1.0708338945,"Frank":-0.1307471451,"Gumbel":0.403562069,"Plackett":0.426179061,"Gauss Mix Indep":0.4775390936},"2.csv":{"Gaussian":0.4068619893,"t_Copula":0.4547264584,"t_Copula_Capped":0.4545402701,"Clayton":0.3778505332,"Frank":0.1880988913,"Gumbel":0.3904675077,"Plackett":0.4131760971,"Gauss Mix Indep":0.4405361662},"3.csv":{"Gaussian":0.3592316017,"t_Copula":0.4716508762,"t_Copula_Capped":0.4690953041,"Clayton":0.1890562469,"Frank":-0.0475455088,"Gumbel":0.3689953417,"Plackett":0.3952697622,"Gauss Mix Indep":0.3969754743},"4.csv":{"Gaussian":0.2809138063,"t_Copula":0.4961520902,"t_Copula_Capped":0.4780290576,"Clayton":-2.8098692508,"Frank":-0.3706389878,"Gumbel":0.344038431,"Plackett":0.3749653556,"Gauss Mix Indep":0.270863133},"5.csv":{"Gaussian":0.3192299032,"t_Copula":0.5183156245,"t_Copula_Capped":0.5006778172,"Clayton":-2.1168792953,"Frank":-0.2439005933,"Gumbel":0.3784084872,"Plackett":0.4286560359,"Gauss Mix Indep":0.3989511818},"6.csv":{"Gaussian":0.3083123902,"t_Copula":0.5224321586,"t_Copula_Capped":0.4997857266,"Clayton":-2.0169309836,"Frank":-0.192605653,"Gumbel":0.3896067021,"Plackett":0.4494303786,"Gauss Mix Indep":0.4283728092},"7.csv":{"Gaussian":0.2705666716,"t_Copula":0.4353701232,"t_Copula_Capped":0.4224309343,"Clayton":-0.7659201118,"Frank":-0.1727601967,"Gumbel":0.3549252233,"Plackett":0.3668338051,"Gauss Mix Indep":0.3271294824},"8.csv":{"Gaussian":0.1745912853,"t_Copula":0.4283286981,"t_Copula_Capped":0.4019720317,"Clayton":-3.6977592568,"Frank":-0.4556106817,"Gumbel":0.3069693654,"Plackett":0.3249848385,"Gauss Mix Indep":0.1196078976},"9.csv":{"Gaussian":0.1678913764,"t_Copula":0.478624461,"t_Copula_Capped":0.4430146776,"Clayton":-5.4388823382,"Frank":-0.4960236234,"Gumbel":0.3473974763,"Plackett":0.3839421441,"Gauss Mix Indep":0.2160263557}}