{"0.csv":{"Gaussian":{"rho":0.8678360182},"t_Copula":{"rho":0.8077529841,"nu":2.260913603},"t_Copula_Capped":{"rho":0.8336916503,"nu":4.0},"Clayton":{"theta":8.6310001745},"Frank":{"theta":19.6983441771},"Gumbel":{"theta":3.0731305797},"Plackett":{"theta":54.2161800842},"Gauss Mix Indep":{"rho":0.9410902043,"p":0.8316063618}},"1.csv":{"Gaussian":{"rho":0.8314722423},"t_Copula":{"rho":0.7836432521,"nu":3.5091248235},"t_Copula_Capped":{"rho":0.789535878,"nu":4.0},"Clayton":{"theta":3.3170139844},"Frank":{"theta":15.7053762559},"Gumbel":{"theta":2.6186436086},"Plackett":{"theta":37.7889757022},"Gauss Mix Indep":{"rho":0.906443226,"p":0.8382075567}},"10.csv":{"Gaussian":{"rho":0.8733167479},"t_Copula":{"rho":0.8056238266,"nu":2.0},"t_Copula_Capped":{"rho":0.8393161361,"nu":4.0},"Clayton":{"theta":15.5246604957},"Frank":{"theta":20.8502132568},"Gumbel":{"theta":3.0279374958},"Plackett":{"theta":58.4974703546},"Gauss Mix Indep":{"rho":0.9875083401,"p":0.7141704128}},"11.csv":{"Gaussian":{"rho":0.885736592},"t_Copula":{"rho":0.8235801321,"nu":2.0},"t_Copula_Capped":{"rho":0.8545760955,"nu":4.0},"Clayton":{"theta":16.6944721423},"Frank":{"theta":22.8275013592},"Gumbel":{"theta":3.2401603885},"Plackett":{"theta":68.0855484832},"Gauss Mix Indep":{"rho":0.9894035711,"p":0.7281246798}},"12.csv":{"Gaussian":{"rho":0.890663736},"t_Copula":{"rho":0.8296945511,"nu":2.0},"t_Copula_Capped":{"rho":0.8602461153,"nu":4.0},"Clayton":{"theta":13.6848670713},"Frank":{"theta":23.9569287428},"Gumbel":{"theta":3.4255262135},"Plackett":{"theta":73.8334377302},"Gauss Mix Indep":{"rho":0.9979775264,"p":0.693374304}},"13.csv":{"Gaussian":{"rho":0.8717567612},"t_Copula":{"rho":0.8061667608,"nu":2.0},"t_Copula_Capped":{"rho":0.8388120202,"nu":4.0},"Clayton":{"theta":10.6423486609},"Frank":{"theta":20.609651952},"Gumbel":{"theta":3.1295960752},"Plackett":{"theta":56.368459914},"Gauss Mix Indep":{"rho":0.9764680927,"p":0.7477643342}},"14.csv":{"Gaussian":{"rho":0.8457152989},"t_Copula":{"rho":0.7996907927,"nu":3.3692575573},"t_Copula_Capped":{"rho":0.8071479714,"nu":4.0},"Clayton":{"theta":9.063580977},"Frank":{"theta":17.4004897097},"Gumbel":{"theta":2.7267657487},"Plackett":{"theta":43.0072067828},"Gauss Mix Indep":{"rho":0.9505525489,"p":0.7681609617}},"2.csv":{"Gaussian":{"rho":0.8075652537},"t_Copula":{"rho":0.748050296,"nu":3.1916541276},"t_Copula_Capped":{"rho":0.7600394394,"nu":4.0},"Clayton":{"theta":2.2430407753},"Frank":{"theta":13.6251356237},"Gumbel":{"theta":2.4070974453},"Plackett":{"theta":31.0007492065},"Gauss Mix Indep":{"rho":0.8858056973,"p":0.8363099298}},"3.csv":{"Gaussian":{"rho":0.8487098271},"t_Copula":{"rho":0.7693494996,"nu":2.0},"t_Copula_Capped":{"rho":0.8084177278,"nu":4.0},"Clayton":{"theta":3.9870451485},"Frank":{"theta":17.3106144809},"Gumbel":{"theta":2.7880038256},"Plackett":{"theta":45.4364978387},"Gauss Mix Indep":{"rho":0.9588924576,"p":0.7545102969}},"4.csv":{"Gaussian":{"rho":0.8784747408},"t_Copula":{"rho":0.8077177683,"nu":2.0},"t_Copula_Capped":{"rho":0.8448547163,"nu":4.0},"Clayton":{"theta":14.6546389293},"Frank":{"theta":21.555650835},"Gumbel":{"theta":3.1107869149},"Plackett":{"theta":63.5054607698},"Gauss Mix Indep":{"rho":0.9841434441,"p":0.7359225964}},"5.csv":{"Gaussian":{"rho":0.8736169461},"t_Copula":{"rho":0.8077177683,"nu":2.0},"t_Copula_Capped":{"rho":0.839560147,"nu":4.0},"Clayton":{"theta":12.81439965},"Frank":{"theta":20.7189846258},"Gumbel":{"theta":3.0639667737},"Plackett":{"theta":58.9692829212},"Gauss Mix Indep":{"rho":0.9760497823,"p":0.7521492252}},"6.csv":{"Gaussian":{"rho":0.8686255601},"t_Copula":{"rho":0.7985649534,"nu":2.0},"t_Copula_Capped":{"rho":0.8332686123,"nu":4.0},"Clayton":{"theta":12.306017952},"Frank":{"theta":19.9739843743},"Gumbel":{"theta":2.9829605341},"Plackett":{"theta":55.429592073},"Gauss Mix Indep":{"rho":0.9764857849,"p":0.7407571599}},"7.csv":{"Gaussian":{"rho":0.8486427005},"t_Copula":{"rho":0.7692550175,"nu":2.0},"t_Copula_Capped":{"rho":0.8084633965,"nu":4.0},"Clayton":{"theta":6.7844931387},"Frank":{"theta":17.5020800868},"Gumbel":{"theta":2.7332967237},"Plackett":{"theta":45.112928829},"Gauss Mix Indep":{"rho":0.9738910272,"p":0.7152438978}},"8.csv":{"Gaussian":{"rho":0.8672355159},"t_Copula":{"rho":0.7944285878,"nu":2.0},"t_Copula_Capped":{"rho":0.8306418627,"nu":4.0},"Clayton":{"theta":14.7595587849},"Frank":{"theta":20.0130166872},"Gumbel":{"theta":2.9227312848},"Plackett":{"theta":55.7645996572},"Gauss Mix Indep":{"rho":0.9928070123,"p":0.6837541301}},"9.csv":{"Gaussian":{"rho":0.8786948548},"t_Copula":{"rho":0.8121932249,"nu":2.0},"t_Copula_Capped":{"rho":0.8453454497,"nu":4.0},"Clayton":{"theta":19.8053995159},"Frank":{"theta":21.7330643858},"Gumbel":{"theta":3.0602832492},"Plackett":{"theta":63.0471376206},"Gauss Mix Indep":{"rho":0.9929094624,"p":0.70136565}}}