{"0.csv":{"Gaussian":{"rho":0.8678360184},"t_Copula":{"rho":0.8077529851,"nu":2.2609136064},"t_Copula_Capped":{"rho":0.8336916518,"nu":4.0},"Clayton":{"theta":8.6310002398},"Frank":{"theta":19.6986153856},"Gumbel":{"theta":3.0731305573},"Plackett":{"theta":54.2161932073},"Gauss Mix Indep":{"rho":0.9410902048,"p":0.8316063563}},"1.csv":{"Gaussian":{"rho":0.831472243},"t_Copula":{"rho":0.7836432497,"nu":3.5091249544},"t_Copula_Capped":{"rho":0.7895358787,"nu":4.0},"Clayton":{"theta":3.3170141542},"Frank":{"theta":15.7052919119},"Gumbel":{"theta":2.6186436339},"Plackett":{"theta":37.7889741042},"Gauss Mix Indep":{"rho":0.9064432262,"p":0.838207554}},"10.csv":{"Gaussian":{"rho":0.873316745},"t_Copula":{"rho":0.8056240485,"nu":2.0},"t_Copula_Capped":{"rho":0.8393161485,"nu":4.0},"Clayton":{"theta":15.5246619553},"Frank":{"theta":20.8490730447},"Gumbel":{"theta":3.0279374873},"Plackett":{"theta":58.4974677059},"Gauss Mix Indep":{"rho":0.9875083345,"p":0.7141704259}},"11.csv":{"Gaussian":{"rho":0.8857365982},"t_Copula":{"rho":0.8235801352,"nu":2.0},"t_Copula_Capped":{"rho":0.8545760936,"nu":4.0},"Clayton":{"theta":16.694471121},"Frank":{"theta":22.8189439365},"Gumbel":{"theta":3.2401604245},"Plackett":{"theta":68.0855356581},"Gauss Mix Indep":{"rho":0.9894035699,"p":0.7281246827}},"12.csv":{"Gaussian":{"rho":0.8906637334},"t_Copula":{"rho":0.8296945528,"nu":2.0},"t_Copula_Capped":{"rho":0.8602461133,"nu":4.0},"Clayton":{"theta":13.6848676523},"Frank":{"theta":23.9345801713},"Gumbel":{"theta":3.4255262414},"Plackett":{"theta":73.8334234189},"Gauss Mix Indep":{"rho":0.9979775263,"p":0.6933743065}},"13.csv":{"Gaussian":{"rho":0.871756759},"t_Copula":{"rho":0.8061667543,"nu":2.0},"t_Copula_Capped":{"rho":0.8388120182,"nu":4.0},"Clayton":{"theta":10.642349546},"Frank":{"theta":20.6100953272},"Gumbel":{"theta":3.1295961487},"Plackett":{"theta":56.3684567594},"Gauss Mix Indep":{"rho":0.9764680995,"p":0.7477643173}},"14.csv":{"Gaussian":{"rho":0.8457152961},"t_Copula":{"rho":0.7996907797,"nu":3.3692575704},"t_Copula_Capped":{"rho":0.8071479851,"nu":4.0},"Clayton":{"theta":9.0635804109},"Frank":{"theta":17.4007790223},"Gumbel":{"theta":2.7267657777},"Plackett":{"theta":43.0072152245},"Gauss Mix Indep":{"rho":0.9505525524,"p":0.7681609554}},"2.csv":{"Gaussian":{"rho":0.8075652551},"t_Copula":{"rho":0.7480503088,"nu":3.1916546421},"t_Copula_Capped":{"rho":0.7600394523,"nu":4.0},"Clayton":{"theta":2.2430408734},"Frank":{"theta":13.6252324368},"Gumbel":{"theta":2.4070974645},"Plackett":{"theta":31.0007500471},"Gauss Mix Indep":{"rho":0.885805697,"p":0.836309935}},"3.csv":{"Gaussian":{"rho":0.8487098204},"t_Copula":{"rho":0.7693495413,"nu":2.0},"t_Copula_Capped":{"rho":0.8084177416,"nu":4.0},"Clayton":{"theta":3.9870451939},"Frank":{"theta":17.3104732129},"Gumbel":{"theta":2.7880038479},"Plackett":{"theta":45.4364990707},"Gauss Mix Indep":{"rho":0.9588924668,"p":0.7545102742}},"4.csv":{"Gaussian":{"rho":0.878474741},"t_Copula":{"rho":0.8077177619,"nu":2.0},"t_Copula_Capped":{"rho":0.8448547005,"nu":4.0},"Clayton":{"theta":14.6546383726},"Frank":{"theta":21.5523489116},"Gumbel":{"theta":3.1107868747},"Plackett":{"theta":63.5054885412},"Gauss Mix Indep":{"rho":0.9841434389,"p":0.7359226045}},"5.csv":{"Gaussian":{"rho":0.8736169418},"t_Copula":{"rho":0.8077177619,"nu":2.0},"t_Copula_Capped":{"rho":0.8395601348,"nu":4.0},"Clayton":{"theta":12.8143991632},"Frank":{"theta":20.7206884799},"Gumbel":{"theta":3.0639668246},"Plackett":{"theta":58.9692956511},"Gauss Mix Indep":{"rho":0.9760497862,"p":0.7521492055}},"6.csv":{"Gaussian":{"rho":0.8686255639},"t_Copula":{"rho":0.7985657134,"nu":2.0},"t_Copula_Capped":{"rho":0.8332165381,"nu":4.0000000001},"Clayton":{"theta":12.3060179821},"Frank":{"theta":19.9723059239},"Gumbel":{"theta":2.9829605523},"Plackett":{"theta":55.4295789867},"Gauss Mix Indep":{"rho":0.976485788,"p":0.7407571521}},"7.csv":{"Gaussian":{"rho":0.8486426932},"t_Copula":{"rho":0.7692550114,"nu":2.0},"t_Copula_Capped":{"rho":0.8084633983,"nu":4.0},"Clayton":{"theta":6.7844959427},"Frank":{"theta":17.5015793273},"Gumbel":{"theta":2.7332967096},"Plackett":{"theta":45.1129340421},"Gauss Mix Indep":{"rho":0.9738910355,"p":0.7152438759}},"8.csv":{"Gaussian":{"rho":0.8672355138},"t_Copula":{"rho":0.7944286059,"nu":2.0},"t_Copula_Capped":{"rho":0.8306418737,"nu":4.0},"Clayton":{"theta":14.7595587952},"Frank":{"theta":20.013651051},"Gumbel":{"theta":2.9227312787},"Plackett":{"theta":55.7645898736},"Gauss Mix Indep":{"rho":0.9928070061,"p":0.6837541562}},"9.csv":{"Gaussian":{"rho":0.878694847},"t_Copula":{"rho":0.8121932344,"nu":2.0},"t_Copula_Capped":{"rho":0.845345461,"nu":4.0},"Clayton":{"theta":19.8054013564},"Frank":{"theta":21.7351231262},"Gumbel":{"theta":3.0602832691},"Plackett":{"theta":63.0471596989},"Gauss Mix Indep":{"rho":0.9929094631,"p":0.7013656381}}}