{"0.csv":{"Gaussian":0.5015609611,"t_Copula":1.0494118578,"t_Copula_Capped":1.0037016295,"Clayton":-187.9222309761,"Frank":0.1196064555,"Gumbel":0.8183210516,"Plackett":0.7536952314,"Gauss Mix Indep":0.5340755082},"1.csv":{"Gaussian":0.583465971,"t_Copula":1.0398559646,"t_Copula_Capped":1.0008245689,"Clayton":-35.4318305592,"Frank":0.1347324987,"Gumbel":0.7620476024,"Plackett":0.7831224215,"Gauss Mix Indep":0.5921267022},"10.csv":{"Gaussian":0.4524225421,"t_Copula":1.0210309331,"t_Copula_Capped":0.9754423745,"Clayton":-60.5912893583,"Frank":0.1120074991,"Gumbel":0.7833442146,"Plackett":0.7481162794,"Gauss Mix Indep":0.4817157579},"11.csv":{"Gaussian":0.4696224115,"t_Copula":1.0352132183,"t_Copula_Capped":0.9898395743,"Clayton":-60.3092281412,"Frank":0.1585290012,"Gumbel":0.8005194612,"Plackett":0.776056436,"Gauss Mix Indep":0.5357229522},"12.csv":{"Gaussian":0.40355127,"t_Copula":1.0368366661,"t_Copula_Capped":0.9868251084,"Clayton":-60.8619485667,"Frank":0.1860780843,"Gumbel":0.7605700413,"Plackett":0.7612411746,"Gauss Mix Indep":0.4707182026},"13.csv":{"Gaussian":0.6728364384,"t_Copula":1.0720455565,"t_Copula_Capped":1.0385042814,"Clayton":-7.2153972333,"Frank":0.2204235207,"Gumbel":0.8602687029,"Plackett":0.8944399231,"Gauss Mix Indep":0.8845854524},"14.csv":{"Gaussian":0.6773914397,"t_Copula":1.0749210232,"t_Copula_Capped":1.0415611555,"Clayton":-7.1851889296,"Frank":0.2309799793,"Gumbel":0.8640050182,"Plackett":0.9010108657,"Gauss Mix Indep":0.8899243142},"15.csv":{"Gaussian":0.6718841269,"t_Copula":1.076276599,"t_Copula_Capped":1.0412053541,"Clayton":-7.2120357817,"Frank":0.2245020609,"Gumbel":0.8674560722,"Plackett":0.9075405279,"Gauss Mix Indep":0.892158349},"16.csv":{"Gaussian":0.7053566744,"t_Copula":1.0668280972,"t_Copula_Capped":1.0345520605,"Clayton":-7.2770890968,"Frank":0.190293848,"Gumbel":0.890541367,"Plackett":0.9046933035,"Gauss Mix Indep":0.9033785377},"17.csv":{"Gaussian":0.6892068636,"t_Copula":1.0636536953,"t_Copula_Capped":1.0287135445,"Clayton":-7.3613283257,"Frank":0.1669026481,"Gumbel":0.8873271414,"Plackett":0.9041358343,"Gauss Mix Indep":0.8977657498},"18.csv":{"Gaussian":0.6649893028,"t_Copula":1.0607708829,"t_Copula_Capped":1.0230514642,"Clayton":-7.444038742,"Frank":0.1597571576,"Gumbel":0.8776657285,"Plackett":0.9025949664,"Gauss Mix Indep":0.8941959043},"19.csv":{"Gaussian":0.6748060561,"t_Copula":1.0644806864,"t_Copula_Capped":1.0303069916,"Clayton":-7.3843452544,"Frank":0.2041234116,"Gumbel":0.8776658773,"Plackett":0.911808124,"Gauss Mix Indep":0.9105021628},"2.csv":{"Gaussian":0.7188376601,"t_Copula":1.0744631884,"t_Copula_Capped":1.0392267694,"Clayton":-18.4315474016,"Frank":0.1651511903,"Gumbel":0.8070896472,"Plackett":0.8442724222,"Gauss Mix Indep":0.7644510272},"20.csv":{"Gaussian":0.6966302299,"t_Copula":1.0573238673,"t_Copula_Capped":1.0244492631,"Clayton":-6.6925915752,"Frank":0.1701526963,"Gumbel":0.8793965894,"Plackett":0.9157547683,"Gauss Mix Indep":0.9276981167},"21.csv":{"Gaussian":0.655273532,"t_Copula":1.0623678066,"t_Copula_Capped":1.0254447374,"Clayton":-7.4092038047,"Frank":0.1808952332,"Gumbel":0.869400338,"Plackett":0.9118262769,"Gauss Mix Indep":0.9133257686},"22.csv":{"Gaussian":0.590149411,"t_Copula":1.0705787339,"t_Copula_Capped":1.0295156694,"Clayton":-9.7665049492,"Frank":0.219636368,"Gumbel":0.8644940461,"Plackett":0.8969613269,"Gauss Mix Indep":0.850238851},"23.csv":{"Gaussian":0.4494956294,"t_Copula":1.0742735165,"t_Copula_Capped":1.0253008031,"Clayton":-42.8127779647,"Frank":0.2294556587,"Gumbel":0.823645835,"Plackett":0.8332174297,"Gauss Mix Indep":0.6444245393},"24.csv":{"Gaussian":0.3616343502,"t_Copula":1.0698367186,"t_Copula_Capped":1.0156282653,"Clayton":-63.0346003408,"Frank":0.228167077,"Gumbel":0.8022642386,"Plackett":0.8061628886,"Gauss Mix Indep":0.5457632883},"25.csv":{"Gaussian":0.1982088337,"t_Copula":1.0341966227,"t_Copula_Capped":0.9720090454,"Clayton":-174.8555374435,"Frank":0.1722463183,"Gumbel":0.7321992594,"Plackett":0.6977084337,"Gauss Mix Indep":0.0970706596},"26.csv":{"Gaussian":0.7146800846,"t_Copula":1.0425203371,"t_Copula_Capped":1.0127813675,"Clayton":-25.7026117989,"Frank":0.1487358423,"Gumbel":0.9402335113,"Plackett":0.9251000961,"Gauss Mix Indep":0.95689165},"27.csv":{"Gaussian":0.7604025654,"t_Copula":1.0447593805,"t_Copula_Capped":1.0193677451,"Clayton":-6.9834751161,"Frank":0.175615544,"Gumbel":0.9250161092,"Plackett":0.9415110302,"Gauss Mix Indep":0.9805929691},"28.csv":{"Gaussian":0.7275867632,"t_Copula":1.041468988,"t_Copula_Capped":1.0143919412,"Clayton":-7.8427531996,"Frank":0.1697176864,"Gumbel":0.9067835262,"Plackett":0.9267082919,"Gauss Mix Indep":0.9610499083},"29.csv":{"Gaussian":0.7520151377,"t_Copula":1.0800381011,"t_Copula_Capped":1.0538226627,"Clayton":-7.3660145851,"Frank":0.2919941678,"Gumbel":0.8942542358,"Plackett":0.92791809,"Gauss Mix Indep":0.940260473},"3.csv":{"Gaussian":0.680465013,"t_Copula":1.0697116081,"t_Copula_Capped":1.0347028866,"Clayton":-18.5911020394,"Frank":0.1695676457,"Gumbel":0.764527507,"Plackett":0.8154279398,"Gauss Mix Indep":0.703801573},"30.csv":{"Gaussian":0.6813110343,"t_Copula":1.0861158303,"t_Copula_Capped":1.0554373297,"Clayton":-8.278607354,"Frank":0.3114708075,"Gumbel":0.8576153758,"Plackett":0.9018941774,"Gauss Mix Indep":0.8886477459},"31.csv":{"Gaussian":0.6246097396,"t_Copula":1.0766279339,"t_Copula_Capped":1.046198512,"Clayton":-7.6360790306,"Frank":0.3423898601,"Gumbel":0.7677781541,"Plackett":0.8660135069,"Gauss Mix Indep":0.7569314658},"32.csv":{"Gaussian":0.6042786881,"t_Copula":1.0444945727,"t_Copula_Capped":1.0144937015,"Clayton":-7.0509757134,"Frank":0.2564380605,"Gumbel":0.7001829604,"Plackett":0.8210094482,"Gauss Mix Indep":0.6529336425},"33.csv":{"Gaussian":0.5941154357,"t_Copula":1.04398578,"t_Copula_Capped":1.0123850324,"Clayton":-7.0373057456,"Frank":0.2459584105,"Gumbel":0.6964206118,"Plackett":0.8242750029,"Gauss Mix Indep":0.6473773114},"34.csv":{"Gaussian":0.5642828031,"t_Copula":1.0290863551,"t_Copula_Capped":0.9962471115,"Clayton":-7.1049395826,"Frank":0.1989355859,"Gumbel":0.668077885,"Plackett":0.7999038259,"Gauss Mix Indep":0.5903185852},"35.csv":{"Gaussian":0.5944263781,"t_Copula":1.0241508769,"t_Copula_Capped":0.9929323616,"Clayton":-6.328102778,"Frank":0.1551364483,"Gumbel":0.6775229818,"Plackett":0.810687841,"Gauss Mix Indep":0.6260878334},"36.csv":{"Gaussian":0.5982472758,"t_Copula":1.0334125807,"t_Copula_Capped":1.0027646438,"Clayton":-6.2932653682,"Frank":0.1793781607,"Gumbel":0.690488571,"Plackett":0.8280632562,"Gauss Mix Indep":0.6523117077},"37.csv":{"Gaussian":0.5685298986,"t_Copula":1.0218881772,"t_Copula_Capped":0.9899551514,"Clayton":-8.5161113992,"Frank":0.162794914,"Gumbel":0.6978210283,"Plackett":0.7909093712,"Gauss Mix Indep":0.4906343829},"38.csv":{"Gaussian":0.4966839654,"t_Copula":1.0116115612,"t_Copula_Capped":0.9755863922,"Clayton":-8.6958788619,"Frank":0.1555250258,"Gumbel":0.632559688,"Plackett":0.7569143885,"Gauss Mix Indep":0.3749411567},"39.csv":{"Gaussian":0.5000316291,"t_Copula":1.0033773092,"t_Copula_Capped":0.9694836859,"Clayton":-8.8049800758,"Frank":0.143425223,"Gumbel":0.6255795609,"Plackett":0.7331950133,"Gauss Mix Indep":0.3370538116},"4.csv":{"Gaussian":0.6739865806,"t_Copula":1.0651268271,"t_Copula_Capped":1.0300662805,"Clayton":-18.6772816006,"Frank":0.1655404348,"Gumbel":0.7612142592,"Plackett":0.8095527728,"Gauss Mix Indep":0.6976316688},"40.csv":{"Gaussian":0.5512968151,"t_Copula":1.0026335956,"t_Copula_Capped":0.9724994886,"Clayton":-8.760330119,"Frank":0.1229239335,"Gumbel":0.6753705932,"Plackett":0.749810311,"Gauss Mix Indep":0.4121044873},"41.csv":{"Gaussian":0.5266181723,"t_Copula":0.9820577464,"t_Copula_Capped":0.9507683621,"Clayton":-8.9840174094,"Frank":0.0636676016,"Gumbel":0.6534333809,"Plackett":0.7168986028,"Gauss Mix Indep":0.3355393233},"42.csv":{"Gaussian":0.6269212793,"t_Copula":1.0079207486,"t_Copula_Capped":0.9820666946,"Clayton":-8.6112987493,"Frank":0.114215491,"Gumbel":0.7465391518,"Plackett":0.7974954542,