{"0.csv":{"Gaussian":0.5954975159,"t_Copula":0.6409202159,"t_Copula_Capped":0.639535095,"Clayton":0.556025415,"Frank":0.5328302532,"Gumbel":0.5651192672,"Plackett":0.5922327004,"Gauss Mix Indep":0.6294583222},"1.csv":{"Gaussian":0.5671222575,"t_Copula":0.6305278229,"t_Copula_Capped":0.6272571283,"Clayton":0.4962873942,"Frank":0.5193989577,"Gumbel":0.5720848887,"Plackett":0.58106273,"Gauss Mix Indep":0.621199731},"10.csv":{"Gaussian":0.4243064541,"t_Copula":0.4935615022,"t_Copula_Capped":0.4858368717,"Clayton":0.3795508631,"Frank":0.4084602012,"Gumbel":0.4294687035,"Plackett":0.4746082132,"Gauss Mix Indep":0.4912732607},"11.csv":{"Gaussian":0.4021128836,"t_Copula":0.4685821583,"t_Copula_Capped":0.4622022111,"Clayton":0.3339543099,"Frank":0.4021215794,"Gumbel":0.4194307117,"Plackett":0.4672222523,"Gauss Mix Indep":0.4704756866},"12.csv":{"Gaussian":0.3943499383,"t_Copula":0.4692268554,"t_Copula_Capped":0.4598459071,"Clayton":0.3197679305,"Frank":0.3946977947,"Gumbel":0.4218193404,"Plackett":0.4675513814,"Gauss Mix Indep":0.4749498251},"13.csv":{"Gaussian":0.3684639926,"t_Copula":0.4317782508,"t_Copula_Capped":0.4238448293,"Clayton":0.2892021158,"Frank":0.3483698703,"Gumbel":0.3966568279,"Plackett":0.4106474735,"Gauss Mix Indep":0.4283571728},"14.csv":{"Gaussian":0.390892119,"t_Copula":0.4507711004,"t_Copula_Capped":0.4444341317,"Clayton":0.2995489304,"Frank":0.3752495851,"Gumbel":0.4204304298,"Plackett":0.4403981646,"Gauss Mix Indep":0.4504402494},"15.csv":{"Gaussian":0.3793470951,"t_Copula":0.4576905169,"t_Copula_Capped":0.4437118901,"Clayton":0.2924025123,"Frank":0.3671652818,"Gumbel":0.4176413794,"Plackett":0.4461051022,"Gauss Mix Indep":0.4690192885},"16.csv":{"Gaussian":0.3873869726,"t_Copula":0.5144754136,"t_Copula_Capped":0.4833994907,"Clayton":0.2910026877,"Frank":0.3709268124,"Gumbel":0.4690158354,"Plackett":0.4719487987,"Gauss Mix Indep":0.5336327384},"17.csv":{"Gaussian":0.4150901306,"t_Copula":0.5615596657,"t_Copula_Capped":0.5262846107,"Clayton":0.3433531963,"Frank":0.3972394383,"Gumbel":0.4911670814,"Plackett":0.5123060436,"Gauss Mix Indep":0.576269378},"18.csv":{"Gaussian":0.4089290827,"t_Copula":0.5638585868,"t_Copula_Capped":0.5254852875,"Clayton":0.3466181665,"Frank":0.3907721185,"Gumbel":0.4857967255,"Plackett":0.5096718155,"Gauss Mix Indep":0.5839762851},"19.csv":{"Gaussian":0.4727365547,"t_Copula":0.6303305349,"t_Copula_Capped":0.5912057439,"Clayton":0.4156590168,"Frank":0.4349112063,"Gumbel":0.547068831,"Plackett":0.5529259661,"Gauss Mix Indep":0.6316445128},"2.csv":{"Gaussian":0.5059778854,"t_Copula":0.5787266482,"t_Copula_Capped":0.5740147157,"Clayton":0.4908766361,"Frank":0.4768501435,"Gumbel":0.4968280046,"Plackett":0.5383921786,"Gauss Mix Indep":0.5721931312},"20.csv":{"Gaussian":0.4049374727,"t_Copula":0.5631250372,"t_Copula_Capped":0.5166813821,"Clayton":0.3860776256,"Frank":0.3644424894,"Gumbel":0.4605991826,"Plackett":0.4729287113,"Gauss Mix Indep":0.5779293308},"21.csv":{"Gaussian":0.4004583551,"t_Copula":0.4946224508,"t_Copula_Capped":0.4717512169,"Clayton":0.3831914639,"Frank":0.3546305105,"Gumbel":0.4095095373,"Plackett":0.4388122997,"Gauss Mix Indep":0.4977858579},"22.csv":{"Gaussian":0.4376028939,"t_Copula":0.5452913353,"t_Copula_Capped":0.5182991035,"Clayton":0.4195334726,"Frank":0.3921677502,"Gumbel":0.4565594763,"Plackett":0.4773787318,"Gauss Mix Indep":0.5384265749},"23.csv":{"Gaussian":0.4176436434,"t_Copula":0.4860856195,"t_Copula_Capped":0.4747908061,"Clayton":0.3828444779,"Frank":0.3759543739,"Gumbel":0.4235458661,"Plackett":0.4362022468,"Gauss Mix Indep":0.4732888677},"3.csv":{"Gaussian":0.4619320345,"t_Copula":0.5371401608,"t_Copula_Capped":0.5347734118,"Clayton":0.4669418644,"Frank":0.4533871279,"Gumbel":0.4542278144,"Plackett":0.5015441511,"Gauss Mix Indep":0.5307467162},"4.csv":{"Gaussian":0.4725914175,"t_Copula":0.5208270065,"t_Copula_Capped":0.5194910734,"Clayton":0.4788794006,"Frank":0.4495841912,"Gumbel":0.4350049298,"Plackett":0.4945993926,"Gauss Mix Indep":0.5118478616},"5.csv":{"Gaussian":0.4495241451,"t_Copula":0.4870887485,"t_Copula_Capped":0.4870496687,"Clayton":0.4213465119,"Frank":0.4297219015,"Gumbel":0.4207069627,"Plackett":0.4684146415,"Gauss Mix Indep":0.4786174492},"6.csv":{"Gaussian":0.4394270295,"t_Copula":0.469238958,"t_Copula_Capped":0.4698864507,"Clayton":0.4070859053,"Frank":0.4191421419,"Gumbel":0.4062593852,"Plackett":0.4532565564,"Gauss Mix Indep":0.4607973422},"7.csv":{"Gaussian":0.3901344325,"t_Copula":0.43051009,"t_Copula_Capped":0.4300208722,"Clayton":0.3707863055,"Frank":0.3850724842,"Gumbel":0.3629791751,"Plackett":0.4263970915,"Gauss Mix Indep":0.4275035976},"8.csv":{"Gaussian":0.4478624931,"t_Copula":0.4962853052,"t_Copula_Capped":0.4948861112,"Clayton":0.4099007906,"Frank":0.4366694959,"Gumbel":0.4298509165,"Plackett":0.4861221804,"Gauss Mix Indep":0.491631745},"9.csv":{"Gaussian":0.4371059216,"t_Copula":0.5045351007,"t_Copula_Capped":0.497925919,"Clayton":0.3897010439,"Frank":0.4221294137,"Gumbel":0.4415325552,"Plackett":0.4851100259,"Gauss Mix Indep":0.4993611238}}