{"0.csv":{"Gaussian":{"rho":0.8342232351},"t_Copula":{"rho":0.8311181229,"nu":2.3196289212},"t_Copula_Capped":{"rho":0.8471198436,"nu":4.0},"Clayton":{"theta":2.6718026094},"Frank":{"theta":8.6332628331},"Gumbel":{"theta":2.5422527086},"Plackett":{"theta":27.1611474746},"Gauss Mix Indep":{"rho":0.8940999611,"p":0.8971242513}},"1.csv":{"Gaussian":{"rho":0.8232489222},"t_Copula":{"rho":0.8265993079,"nu":2.2618707363},"t_Copula_Capped":{"rho":0.8471198436,"nu":4.0},"Clayton":{"theta":2.3934059401},"Frank":{"theta":8.492217817},"Gumbel":{"theta":2.5607814875},"Plackett":{"theta":26.6883091819},"Gauss Mix Indep":{"rho":0.8947442628,"p":0.8903485375}},"10.csv":{"Gaussian":{"rho":0.7576081358},"t_Copula":{"rho":0.7728759762,"nu":2.0110192548},"t_Copula_Capped":{"rho":0.7947896168,"nu":4.0},"Clayton":{"theta":1.8960045204},"Frank":{"theta":7.1723450455},"Gumbel":{"theta":2.1870159121},"Plackett":{"theta":21.1542855033},"Gauss Mix Indep":{"rho":0.9153813404,"p":0.7487771308}},"11.csv":{"Gaussian":{"rho":0.7439401027},"t_Copula":{"rho":0.7688778629,"nu":2.1381696518},"t_Copula_Capped":{"rho":0.7947896168,"nu":4.0},"Clayton":{"theta":1.7068040584},"Frank":{"theta":7.1211511306},"Gumbel":{"theta":2.1636306881},"Plackett":{"theta":20.9799023987},"Gauss Mix Indep":{"rho":0.912160266,"p":0.7441060029}},"12.csv":{"Gaussian":{"rho":0.7394047692},"t_Copula":{"rho":0.768457474,"nu":2.0},"t_Copula_Capped":{"rho":0.7862511458,"nu":4.0},"Clayton":{"theta":1.6450883151},"Frank":{"theta":7.0597513253},"Gumbel":{"theta":2.1740048089},"Plackett":{"theta":21.5974571115},"Gauss Mix Indep":{"rho":0.9274489757,"p":0.7105427829}},"13.csv":{"Gaussian":{"rho":0.7223078228},"t_Copula":{"rho":0.7348275422,"nu":2.0},"t_Copula_Capped":{"rho":0.7550501359,"nu":4.0},"Clayton":{"theta":1.5059646086},"Frank":{"theta":6.3714826079},"Gumbel":{"theta":2.0900509108},"Plackett":{"theta":17.3181173517},"Gauss Mix Indep":{"rho":0.9095882602,"p":0.7088680867}},"14.csv":{"Gaussian":{"rho":0.7375031465},"t_Copula":{"rho":0.752085482,"nu":2.0},"t_Copula_Capped":{"rho":0.7709051621,"nu":4.0},"Clayton":{"theta":1.5483427029},"Frank":{"theta":6.7238757794},"Gumbel":{"theta":2.1563697134},"Plackett":{"theta":19.2161971355},"Gauss Mix Indep":{"rho":0.9175308966,"p":0.7117688998}},"15.csv":{"Gaussian":{"rho":0.730261106},"t_Copula":{"rho":0.7603491416,"nu":2.0},"t_Copula_Capped":{"rho":0.7709051621,"nu":4.0},"Clayton":{"theta":1.5359321511},"Frank":{"theta":6.6739893656},"Gumbel":{"theta":2.1572449671},"Plackett":{"theta":20.6676647095},"Gauss Mix Indep":{"rho":0.9380323867,"p":0.6744319326}},"16.csv":{"Gaussian":{"rho":0.7305998417},"t_Copula":{"rho":0.7797970305,"nu":2.0},"t_Copula_Capped":{"rho":0.7904798817,"nu":4.0},"Clayton":{"theta":1.5413781278},"Frank":{"theta":6.8103901453},"Gumbel":{"theta":2.2941693227},"Plackett":{"theta":24.066822866},"Gauss Mix Indep":{"rho":0.9516216346,"p":0.672872597}},"17.csv":{"Gaussian":{"rho":0.7476807343},"t_Copula":{"rho":0.8003675175,"nu":2.0},"t_Copula_Capped":{"rho":0.811479118,"nu":4.0},"Clayton":{"theta":1.7780989765},"Frank":{"theta":7.1802809441},"Gumbel":{"theta":2.3662033189},"Plackett":{"theta":27.3318079295},"Gauss Mix Indep":{"rho":0.9504105473,"p":0.7043838034}},"18.csv":{"Gaussian":{"rho":0.7440029237},"t_Copula":{"rho":0.8013798452,"nu":2.0},"t_Copula_Capped":{"rho":0.8121534867,"nu":4.0},"Clayton":{"theta":1.7958722269},"Frank":{"theta":7.0958468437},"Gumbel":{"theta":2.3573085488},"Plackett":{"theta":27.1430285391},"Gauss Mix Indep":{"rho":0.9515563059,"p":0.7069251394}},"19.csv":{"Gaussian":{"rho":0.7792556273},"t_Copula":{"rho":0.824561731,"nu":2.0},"t_Copula_Capped":{"rho":0.836483601,"nu":4.0},"Clayton":{"theta":2.1067090741},"Frank":{"theta":7.5952256892},"Gumbel":{"theta":2.5277557813},"Plackett":{"theta":29.5929742331},"Gauss Mix Indep":{"rho":0.9516376329,"p":0.7291048523}},"2.csv":{"Gaussian":{"rho":0.7967557789},"t_Copula":{"rho":0.8091855064,"nu":2.2116495546},"t_Copula_Capped":{"rho":0.8275146275,"nu":4.0},"Clayton":{"theta":2.3703123143},"Frank":{"theta":7.9632775424},"Gumbel":{"theta":2.3658205271},"Plackett":{"theta":24.1995909101},"Gauss Mix Indep":{"rho":0.9033714001,"p":0.8353296639}},"20.csv":{"Gaussian":{"rho":0.7415624918},"t_Copula":{"rho":0.7980383657,"nu":2.0},"t_Copula_Capped":{"rho":0.8006634149,"nu":4.0},"Clayton":{"theta":1.9949172985},"Frank":{"theta":6.6596952207},"Gumbel":{"theta":2.2779720687},"Plackett":{"theta":24.3217017626},"Gauss Mix Indep":{"rho":0.9625038356,"p":0.6487793649}},"21.csv":{"Gaussian":{"rho":0.7386496964},"t_Copula":{"rho":0.7657016069,"nu":2.0},"t_Copula_Capped":{"rho":0.7816341708,"nu":4.0},"Clayton":{"theta":1.9620192504},"Frank":{"theta":6.4537696618},"Gumbel":{"theta":2.1227965508},"Plackett":{"theta":20.4566800727},"Gauss Mix Indep":{"rho":0.941712043,"p":0.6702329976}},"22.csv":{"Gaussian":{"rho":0.7605905767},"t_Copula":{"rho":0.7845351694,"nu":2.0},"t_Copula_Capped":{"rho":0.8006634149,"nu":4.0},"Clayton":{"theta":2.1329901645},"Frank":{"theta":6.9266244528},"Gumbel":{"theta":2.2494265073},"Plackett":{"theta":22.7747512146},"Gauss Mix Indep":{"rho":0.9508866014,"p":0.6682923161}},"23.csv":{"Gaussian":{"rho":0.7491536652},"t_Copula":{"rho":0.7514883678,"nu":2.0757152747},"t_Copula_Capped":{"rho":0.774611011,"nu":4.0},"Clayton":{"theta":1.9231864937},"Frank":{"theta":6.641118234},"Gumbel":{"theta":2.1501524423},"Plackett":{"theta":18.577734686},"Gauss Mix Indep":{"rho":0.9271327433,"p":0.6938893702}},"3.csv":{"Gaussian":{"rho":0.8012509602},"t_Copula":{"rho":0.8008266062,"nu":2.588336595},"t_Copula_Capped":{"rho":0.8143805068,"nu":4.0},"Clayton":{"theta":2.2493260985},"Frank":{"theta":7.6256984956},"Gumbel":{"theta":2.2521918836},"Plackett":{"theta":21.2167626652},"Gauss Mix Indep":{"rho":0.892480577,"p":0.8325472321}},"4.csv":{"Gaussian":{"rho":0.7830018828},"t_Copula":{"rho":0.7924781797,"nu":2.4834084398},"t_Copula_Capped":{"rho":0.8067808034,"nu":4.0},"Clayton":{"theta":2.3098312076},"Frank":{"theta":7.5600187689},"Gumbel":{"theta":2.2042143487},"Plackett":{"theta":20.5019068452},"Gauss Mix Indep":{"rho":0.8766482508,"p":0.8531559467}},"5.csv":{"Gaussian":{"rho":0.771973203},"t_Copula":{"rho":0.7815257648,"nu":2.706547313},"t_Copula_Capped":{"rho":0.7927614879,"nu":4.0},"Clayton":{"theta":2.0603628116},"Frank":{"theta":7.2865628665},"Gumbel":{"theta":2.1594036414},"Plackett":{"theta":18.7831435435},"Gauss Mix Indep":{"rho":0.8593909289,"p":0.8619554802}},"6.csv":{"Gaussian":{"rho":0.7673616448},"t_Copula":{"rho":0.7749880325,"nu":2.9073463753},"t_Copula_Capped":{"rho":0.7839437196,"nu":4.0},"Clayton":{"theta":2.0092276001},"Frank":{"theta":7.132124176},"Gumbel":{"theta":2.1158040896},"Plackett":{"theta":17.8141603321},"Gauss Mix Indep":{"rho":0.8415399133,"p":0.881696199}},"7.csv":{"Gaussian":{"rho":0.7378283647},"t_Copula":{"rho":0.7554444275,"nu":2.6243232926},"t_Copula_Capped":{"rho":0.7670892416,"nu":4.0},"Clayton":{"theta":1.8740233311},"Frank":{"theta":6.7749662199},"Gumbel":{"theta":2.0149686267},"Plackett":{"theta":17.0540991353},"Gauss Mix Indep":{"rho":0.8631866986,"p":0.8117341591}},"8.csv":{"Gaussian":{"rho":0.770934473},"t_Copula":{"rho":0.7854497269,"nu":2.6034998926},"t_Copula_Capped":{"rho":0.80061107,"nu":4.0},"Clayton":{"theta":2.0261854857},"Frank":{"theta":7.4648581881},"Gumbel":{"theta":2.1851733485},"Plackett":{"theta":20.6470830192},"Gauss Mix Indep":{"rho":0.8845009602,"p":0.8215003619}},"9.csv":{"Gaussian":{"rho":0.7652480126},"t_Copula":{"rho":0.7803898393,"nu":2.0796163143},"t_Copula_Capped":{"rho":0.80061107,"nu":4.0},"Clayton":{"theta":1.9390586444},"Frank":{"theta":7.3264226842},"Gumbel":{"theta":2.2186283039},"Plackett":{"theta":21.5282338208},"Gauss Mix Indep":{"rho":0.9120327823,"p":0.7629826032}}}