{"83.csv":{"Gaussian":0.3676192619,"t_Copula":0.4936976039,"t_Copula_Capped":0.4936976201,"Clayton":-1.5306736558,"Frank":-0.0787012927,"Gumbel":0.4477087817,"Plackett":0.4606437004,"Gauss Mix Indep":0.5289569574},"68.csv":{"Gaussian":0.2617557767,"t_Copula":0.5626546083,"t_Copula_Capped":0.5240953855,"Clayton":-2.3794384578,"Frank":-0.4136264451,"Gumbel":0.4280142001,"Plackett":0.4690896557,"Gauss Mix Indep":0.4637371781},"6.csv":{"Gaussian":0.4205716757,"t_Copula":0.5085332849,"t_Copula_Capped":0.5071811763,"Clayton":-0.15069269,"Frank":0.0013802141,"Gumbel":0.4512236127,"Plackett":0.4150958423,"Gauss Mix Indep":0.4801123214},"54.csv":{"Gaussian":0.2203040297,"t_Copula":0.4905668398,"t_Copula_Capped":0.4560621194,"Clayton":-3.5185183755,"Frank":-0.3370978945,"Gumbel":0.4012077651,"Plackett":0.421731136,"Gauss Mix Indep":0.3778587695},"40.csv":{"Gaussian":0.3095756977,"t_Copula":0.5056707428,"t_Copula_Capped":0.4802795338,"Clayton":-0.3633209193,"Frank":-0.2032823831,"Gumbel":0.403152219,"Plackett":0.4199785135,"Gauss Mix Indep":0.4224963105},"41.csv":{"Gaussian":0.2844558044,"t_Copula":0.4446327648,"t_Copula_Capped":0.4261675202,"Clayton":0.216678145,"Frank":-0.0992210958,"Gumbel":0.3902671492,"Plackett":0.3826833499,"Gauss Mix Indep":0.4015525485},"7.csv":{"Gaussian":0.3847548253,"t_Copula":0.4915215963,"t_Copula_Capped":0.4904550216,"Clayton":-0.9492838164,"Frank":-0.1453509413,"Gumbel":0.4269242965,"Plackett":0.3744552997,"Gauss Mix Indep":0.4084911926},"55.csv":{"Gaussian":0.2011977318,"t_Copula":0.4946805204,"t_Copula_Capped":0.4569496927,"Clayton":-4.2844383602,"Frank":-0.3983353929,"Gumbel":0.3997740882,"Plackett":0.418046859,"Gauss Mix Indep":0.3631864113},"69.csv":{"Gaussian":0.1998312076,"t_Copula":0.5577965498,"t_Copula_Capped":0.5122405412,"Clayton":-3.0071596471,"Frank":-0.5991962095,"Gumbel":0.3908860517,"Plackett":0.443704402,"Gauss Mix Indep":0.2869727977},"82.csv":{"Gaussian":0.3697069275,"t_Copula":0.4399126978,"t_Copula_Capped":0.4399126828,"Clayton":-0.0016531056,"Frank":-0.0083380574,"Gumbel":0.4592557413,"Plackett":0.4754906938,"Gauss Mix Indep":0.540575798},"80.csv":{"Gaussian":0.3219101384,"t_Copula":0.5874989132,"t_Copula_Capped":0.5461675907,"Clayton":-1.0459849736,"Frank":-0.2886802782,"Gumbel":0.4489012975,"Plackett":0.4923580543,"Gauss Mix Indep":0.581224531},"43.csv":{"Gaussian":0.2595013294,"t_Copula":0.4412187216,"t_Copula_Capped":0.4233926731,"Clayton":-0.4267554615,"Frank":-0.2298638134,"Gumbel":0.3720898117,"Plackett":0.3653746651,"Gauss Mix Indep":0.317380478},"57.csv":{"Gaussian":0.2184407341,"t_Copula":0.5096127909,"t_Copula_Capped":0.4712010209,"Clayton":-4.2104258802,"Frank":-0.3671505921,"Gumbel":0.414134809,"Plackett":0.4390497311,"Gauss Mix Indep":0.4042786181},"5.csv":{"Gaussian":0.4305693067,"t_Copula":0.5203197522,"t_Copula_Capped":0.5182786518,"Clayton":-0.1414980722,"Frank":0.0201904519,"Gumbel":0.4576985061,"Plackett":0.4303690444,"Gauss Mix Indep":0.4971383887},"56.csv":{"Gaussian":0.188351736,"t_Copula":0.4884702556,"t_Copula_Capped":0.4493085757,"Clayton":-4.2931330997,"Frank":-0.4201138271,"Gumbel":0.3908435717,"Plackett":0.4081839303,"Gauss Mix Indep":0.3389898816},"4.csv":{"Gaussian":0.4532890959,"t_Copula":0.5421457479,"t_Copula_Capped":0.5394118435,"Clayton":0.0308913514,"Frank":0.0644396837,"Gumbel":0.4757332357,"Plackett":0.4624116598,"Gauss Mix Indep":0.5309695156},"42.csv":{"Gaussian":0.2549924806,"t_Copula":0.4528703971,"t_Copula_Capped":0.4319332326,"Clayton":-0.703038993,"Frank":-0.2749815071,"Gumbel":0.3719083063,"Plackett":0.3684919917,"Gauss Mix Indep":0.3142637603},"81.csv":{"Gaussian":0.3582690561,"t_Copula":0.5118621741,"t_Copula_Capped":0.511862174,"Clayton":-0.2316104852,"Frank":-0.0782010987,"Gumbel":0.460838522,"Plackett":0.4837825775,"Gauss Mix Indep":0.5737325599},"46.csv":{"Gaussian":0.2199769804,"t_Copula":0.4682835144,"t_Copula_Capped":0.4388745926,"Clayton":-1.950184383,"Frank":-0.4650662052,"Gumbel":0.3531387413,"Plackett":0.3641127792,"Gauss Mix Indep":0.1757671945},"0.csv":{"Gaussian":0.4280375608,"t_Copula":0.5939160138,"t_Copula_Capped":0.5804936836,"Clayton":-2.7562578671,"Frank":-0.4273572995,"Gumbel":0.4865196202,"Plackett":0.411219834,"Gauss Mix Indep":0.3986424205},"52.csv":{"Gaussian":0.1926968178,"t_Copula":0.4657065787,"t_Copula_Capped":0.4303509841,"Clayton":-3.5551566201,"Frank":-0.4078236729,"Gumbel":0.3761417101,"Plackett":0.3816219074,"Gauss Mix Indep":0.2862353896},"1.csv":{"Gaussian":0.4672779268,"t_Copula":0.5848202911,"t_Copula_Capped":0.5778151353,"Clayton":-1.2179695916,"Frank":-0.1607479827,"Gumbel":0.5041815733,"Plackett":0.4497180863,"Gauss Mix Indep":0.4924935511},"53.csv":{"Gaussian":0.1930643963,"t_Copula":0.4739125449,"t_Copula_Capped":0.4361876876,"Clayton":-3.5232682247,"Frank":-0.3899374788,"Gumbel":0.3809317675,"Plackett":0.399038338,"Gauss Mix Indep":0.3225390772},"47.csv":{"Gaussian":0.2642522929,"t_Copula":0.4549685135,"t_Copula_Capped":0.4318911451,"Clayton":0.0288497897,"Frank":-0.1801936743,"Gumbel":0.3939959787,"Plackett":0.392995859,"Gauss Mix Indep":0.3757461225},"84.csv":{"Gaussian":0.3820323054,"t_Copula":0.4986836571,"t_Copula_Capped":0.4986836498,"Clayton":-1.537094746,"Frank":-0.0479336457,"Gumbel":0.4624036364,"Plackett":0.4793235812,"Gauss Mix Indep":0.542811917},"51.csv":{"Gaussian":0.2372559078,"t_Copula":0.4550562049,"t_Copula_Capped":0.4265508506,"Clayton":-1.7025567809,"Frank":-0.2494169498,"Gumbel":0.3837425246,"Plackett":0.3858180175,"Gauss Mix Indep":0.3480823774},"3.csv":{"Gaussian":0.4469222274,"t_Copula":0.5645871858,"t_Copula_Capped":0.558578258,"Clayton":-0.7499949394,"Frank":-0.1412984605,"Gumbel":0.472254453,"Plackett":0.4304917335,"Gauss Mix Indep":0.4709168162},"45.csv":{"Gaussian":0.270494741,"t_Copula":0.4592785569,"t_Copula_Capped":0.4398904271,"Clayton":-1.5344961902,"Frank":-0.249964194,"Gumbel":0.393143492,"Plackett":0.3828129398,"Gauss Mix Indep":0.3383731969},"79.csv":{"Gaussian":0.2681147966,"t_Copula":0.587187729,"t_Copula_Capped":0.5415743542,"Clayton":-2.2324248897,"Frank":-0.4970273187,"Gumbel":0.4239007971,"Plackett":0.4644925949,"Gauss Mix Indep":0.4596477403},"78.csv":{"Gaussian":0.1661776997,"t_Copula":0.5714580549,"t_Copula_Capped":0.5187013443,"Clayton":-2.2256885601,"Frank":-0.7807998404,"Gumbel":0.3397383394,"Plackett":0.4152154817,"Gauss Mix Indep":0.158326411},"44.csv":{"Gaussian":0.2724015275,"t_Copula":0.4528200972,"t_Copula_Capped":0.4352519398,"Clayton":-0.5287755896,"Frank":-0.2003100119,"Gumbel":0.3854088008,"Plackett":0.3838230103,"Gauss Mix Indep":0.3496149651},"50.csv":{"Gaussian":0.2413142021,"t_Copula":0.4558513334,"t_Copula_Capped":0.4281262599,"Clayton":-1.7194644104,"Frank":-0.2451330775,"Gumbel":0.3858742524,"Plackett":0.3863565151,"Gauss Mix Indep":0.3513034708},"2.csv":{"Gaussian":0.4497289636,"t_Copula":0.5667981056,"t_Copula_Capped":0.5605541608,"Clayton":-0.7678660059,"Frank":-0.1368700778,"Gumbel":0.4781163442,"Plackett":0.4346163281,"Gauss Mix Indep":0.475280307},"37.csv":{"Gaussian":0.2929428949,"t_Copula":0.5259139625,"t_Copula_Capped":0.4982258791,"Clayton":-2.0983633981,"Frank":-0.2570597247,"Gumbel":0.4114836831,"Plackett":0.448613171,"Gauss Mix Indep":0.4232495138},"23.csv":{"Gaussian":0.2812034553,"t_Copula":0.481135716,"t_Copula_Capped":0.4634817555,"Clayton":-1.665713453,"Frank":-0.3675781145,"Gumbel":0.3647615871,"Plackett":0.353438098,"Gauss Mix Indep":0.2407689916},"22.csv":{"Gaussian":0.345107413,"t_Copula":0.4909451984,"t_Copula_Capped":0.4794467022,"Clayton":-0.1948288632,"Frank":-0.1755089394,"Gumbel":0.4137096038,"Plackett":0.3804686205,"Gauss Mix Indep":0.3865183231},"36.csv":{"Gaussian":0.2586842866,"t_Copula":0.5193575306,"t_Copula_Capped":0.4906664989,"Clayton":-2.3336337686,"Frank":-0.4209932723,"Gumbel":0.3791412215,"Plackett":0.4122922297,"Gauss Mix Indep":0.3055862585},"20.csv":{"Gaussian":0.3430383394,"t_Copula":0.4791543351,"t_Copula_Capped":0.4716825026,"Clayton":-0.0458082635,"Frank":-0.1827928573,"Gumbel":0.3977601499,