{"0.csv":{"Gaussian":{"rho":0.8100593559},"t_Copula":{"rho":0.8138681204,"nu":2.4205629169},"t_Copula_Capped":{"rho":0.8289720538,"nu":4.0},"Clayton":{"theta":2.3547013519},"Frank":{"theta":8.1265123689},"Gumbel":{"theta":2.386565732},"Plackett":{"theta":23.7022929155},"Gauss Mix Indep":{"rho":0.8832231771,"p":0.8766739264}},"1.csv":{"Gaussian":{"rho":0.7759227531},"t_Copula":{"rho":0.7853543068,"nu":2.8331962114},"t_Copula_Capped":{"rho":0.7953661886,"nu":4.0},"Clayton":{"theta":2.0215316387},"Frank":{"theta":7.3558397413},"Gumbel":{"theta":2.2011340816},"Plackett":{"theta":18.9324284408},"Gauss Mix Indep":{"rho":0.8637509976,"p":0.8618461977}},"10.csv":{"Gaussian":{"rho":0.7399178542},"t_Copula":{"rho":0.7788840141,"nu":2.0},"t_Copula_Capped":{"rho":0.7909208766,"nu":4.0},"Clayton":{"theta":1.6496946436},"Frank":{"theta":6.8842280738},"Gumbel":{"theta":2.2968467192},"Plackett":{"theta":22.8819423992},"Gauss Mix Indep":{"rho":0.9433437987,"p":0.6893009311}},"11.csv":{"Gaussian":{"rho":0.7607815308},"t_Copula":{"rho":0.8013337801,"nu":2.0},"t_Copula_Capped":{"rho":0.8152067994,"nu":4.0},"Clayton":{"theta":1.8802669301},"Frank":{"theta":7.3307528842},"Gumbel":{"theta":2.3929199643},"Plackett":{"theta":26.3286079925},"Gauss Mix Indep":{"rho":0.943236254,"p":0.7226969577}},"12.csv":{"Gaussian":{"rho":0.7412010339},"t_Copula":{"rho":0.7839174435,"nu":2.0},"t_Copula_Capped":{"rho":0.7967370728,"nu":4.0},"Clayton":{"theta":1.8259169836},"Frank":{"theta":6.7121173571},"Gumbel":{"theta":2.2699358426},"Plackett":{"theta":23.8425077521},"Gauss Mix Indep":{"rho":0.9538493358,"p":0.6696738893}},"13.csv":{"Gaussian":{"rho":0.7615661552},"t_Copula":{"rho":0.7983790237,"nu":2.0},"t_Copula_Capped":{"rho":0.8121112442,"nu":4.0},"Clayton":{"theta":2.0696844558},"Frank":{"theta":6.9837665174},"Gumbel":{"theta":2.3361726058},"Plackett":{"theta":24.6148231713},"Gauss Mix Indep":{"rho":0.9534618347,"p":0.6826043648}},"14.csv":{"Gaussian":{"rho":0.7582412697},"t_Copula":{"rho":0.7712641045,"nu":2.0},"t_Copula_Capped":{"rho":0.7909208766,"nu":4.0},"Clayton":{"theta":1.9265983193},"Frank":{"theta":6.7891151388},"Gumbel":{"theta":2.2003154277},"Plackett":{"theta":21.5196444604},"Gauss Mix Indep":{"rho":0.9324219104,"p":0.7014550546}},"2.csv":{"Gaussian":{"rho":0.7623023709},"t_Copula":{"rho":0.7710511238,"nu":3.2883633643},"t_Copula_Capped":{"rho":0.7761319343,"nu":4.0},"Clayton":{"theta":1.8865462111},"Frank":{"theta":7.0678194374},"Gumbel":{"theta":2.1110294438},"Plackett":{"theta":17.1122566678},"Gauss Mix Indep":{"rho":0.835848805,"p":0.8827442923}},"3.csv":{"Gaussian":{"rho":0.7625958075},"t_Copula":{"rho":0.774515485,"nu":2.6572075683},"t_Copula_Capped":{"rho":0.7865025723,"nu":4.0},"Clayton":{"theta":1.9289580569},"Frank":{"theta":7.1728947289},"Gumbel":{"theta":2.1564025933},"Plackett":{"theta":18.8873875058},"Gauss Mix Indep":{"rho":0.8717050555,"p":0.8306469865}},"4.csv":{"Gaussian":{"rho":0.763595416},"t_Copula":{"rho":0.7780593913,"nu":2.1280469528},"t_Copula_Capped":{"rho":0.8071071395,"nu":4.0},"Clayton":{"theta":1.9553606194},"Frank":{"theta":7.2632489608},"Gumbel":{"theta":2.2080535535},"Plackett":{"theta":20.9633914131},"Gauss Mix Indep":{"rho":0.9087110497,"p":0.7672403455}},"5.csv":{"Gaussian":{"rho":0.7692597834},"t_Copula":{"rho":0.7857652182,"nu":2.0},"t_Copula_Capped":{"rho":0.8071071395,"nu":4.0},"Clayton":{"theta":1.9950163535},"Frank":{"theta":7.4574087455},"Gumbel":{"theta":2.2519919864},"Plackett":{"theta":23.1211492643},"Gauss Mix Indep":{"rho":0.9229864387,"p":0.7484165881}},"6.csv":{"Gaussian":{"rho":0.761756915},"t_Copula":{"rho":0.790822855,"nu":2.0},"t_Copula_Capped":{"rho":0.8085356655,"nu":4.0},"Clayton":{"theta":1.948633613},"Frank":{"theta":7.4086998991},"Gumbel":{"theta":2.2528967584},"Plackett":{"theta":24.2817455059},"Gauss Mix Indep":{"rho":0.9313929642,"p":0.732154528}},"7.csv":{"Gaussian":{"rho":0.7328185161},"t_Copula":{"rho":0.7480523542,"nu":2.192392149},"t_Copula_Capped":{"rho":0.7681088823,"nu":4.0},"Clayton":{"theta":1.5734224153},"Frank":{"theta":6.6806021014},"Gumbel":{"theta":2.1172021842},"Plackett":{"theta":18.4465921002},"Gauss Mix Indep":{"rho":0.9117959726,"p":0.7192193555}},"8.csv":{"Gaussian":{"rho":0.721627638},"t_Copula":{"rho":0.7447215713,"nu":2.0},"t_Copula_Capped":{"rho":0.7636846016,"nu":4.0},"Clayton":{"theta":1.5449981358},"Frank":{"theta":6.4445063479},"Gumbel":{"theta":2.0911236036},"Plackett":{"theta":18.5715458603},"Gauss Mix Indep":{"rho":0.9282985773,"p":0.6805474647}},"9.csv":{"Gaussian":{"rho":0.7339843864},"t_Copula":{"rho":0.7839174435,"nu":2.0},"t_Copula_Capped":{"rho":0.7967370728,"nu":4.0},"Clayton":{"theta":1.6179672795},"Frank":{"theta":6.8320235096},"Gumbel":{"theta":2.2002353813},"Plackett":{"theta":22.5565745408},"Gauss Mix Indep":{"rho":0.9421602126,"p":0.6807993095}}}