{"83.csv":{"Gaussian":0.7851363689,"t_Copula":0.9283507893,"t_Copula_Capped":0.9233189055,"Clayton":-5.8395360039,"Frank":-0.2066421613,"Gumbel":0.7066576034,"Plackett":0.677459131,"Gauss Mix Indep":0.6755807585},"68.csv":{"Gaussian":0.777291903,"t_Copula":1.0460282475,"t_Copula_Capped":1.0270240228,"Clayton":-5.4883173293,"Frank":0.1757659422,"Gumbel":0.6747869547,"Plackett":0.7682739234,"Gauss Mix Indep":0.664838819},"6.csv":{"Gaussian":1.0401074854,"t_Copula":1.2032426216,"t_Copula_Capped":1.1978383957,"Clayton":-5.6291166396,"Frank":0.6421459958,"Gumbel":1.0303351736,"Plackett":1.0768323772,"Gauss Mix Indep":1.1681193126},"54.csv":{"Gaussian":0.6179921559,"t_Copula":1.0734613615,"t_Copula_Capped":1.0360559589,"Clayton":-12.8356884987,"Frank":0.2608559072,"Gumbel":0.7304911036,"Plackett":0.7825009165,"Gauss Mix Indep":0.5530497301},"40.csv":{"Gaussian":0.5861779643,"t_Copula":1.1109117089,"t_Copula_Capped":1.0689772113,"Clayton":-6.533705218,"Frank":0.3177548643,"Gumbel":0.5214044372,"Plackett":0.7825271777,"Gauss Mix Indep":0.5053159422},"41.csv":{"Gaussian":0.585541738,"t_Copula":1.1037050101,"t_Copula_Capped":1.064513584,"Clayton":-6.4872638203,"Frank":0.3249205579,"Gumbel":0.5005510424,"Plackett":0.7868416676,"Gauss Mix Indep":0.4977189095},"7.csv":{"Gaussian":1.0378663439,"t_Copula":1.2028145248,"t_Copula_Capped":1.1974358691,"Clayton":-5.5939461675,"Frank":0.6475883888,"Gumbel":1.0272554652,"Plackett":1.0791147593,"Gauss Mix Indep":1.1689198463},"55.csv":{"Gaussian":0.654964534,"t_Copula":1.0698825071,"t_Copula_Capped":1.0355916433,"Clayton":-12.9221959764,"Frank":0.2206983015,"Gumbel":0.7698080816,"Plackett":0.7912356103,"Gauss Mix Indep":0.6018215581},"69.csv":{"Gaussian":0.5943631462,"t_Copula":1.0073268199,"t_Copula_Capped":0.9737907143,"Clayton":-10.7757869058,"Frank":0.0984680333,"Gumbel":0.5771927967,"Plackett":0.6487636212,"Gauss Mix Indep":0.2767378454},"82.csv":{"Gaussian":0.8098841236,"t_Copula":0.9441363122,"t_Copula_Capped":0.9397642889,"Clayton":-5.0145842094,"Frank":-0.1514802881,"Gumbel":0.7026707753,"Plackett":0.7002199792,"Gauss Mix Indep":0.7152628245},"80.csv":{"Gaussian":0.767948975,"t_Copula":0.9364505202,"t_Copula_Capped":0.9282886438,"Clayton":-5.6775082621,"Frank":-0.1066954689,"Gumbel":0.6750739755,"Plackett":0.679772665,"Gauss Mix Indep":0.6662761117},"43.csv":{"Gaussian":0.4774736996,"t_Copula":1.0890241568,"t_Copula_Capped":1.0426120401,"Clayton":-12.8742403317,"Frank":0.3197056556,"Gumbel":0.5897353217,"Plackett":0.7098044608,"Gauss Mix Indep":0.238343098},"57.csv":{"Gaussian":0.5591608207,"t_Copula":1.0634339024,"t_Copula_Capped":1.0245156695,"Clayton":-14.4360553557,"Frank":0.2460746773,"Gumbel":0.705607044,"Plackett":0.7191835061,"Gauss Mix Indep":0.4121184786},"5.csv":{"Gaussian":1.0331531235,"t_Copula":1.1958378313,"t_Copula_Capped":1.1907475465,"Clayton":-5.719524354,"Frank":0.6261089578,"Gumbel":1.0219832198,"Plackett":1.0625592627,"Gauss Mix Indep":1.1591913603},"56.csv":{"Gaussian":0.6299515166,"t_Copula":1.0680644077,"t_Copula_Capped":1.0346291497,"Clayton":-14.3093525512,"Frank":0.2613889026,"Gumbel":0.760351466,"Plackett":0.7572387303,"Gauss Mix Indep":0.5278385055},"4.csv":{"Gaussian":1.0467029586,"t_Copula":1.2052768984,"t_Copula_Capped":1.2003125721,"Clayton":-4.8940114314,"Frank":0.6391366329,"Gumbel":1.0173093627,"Plackett":1.0732229579,"Gauss Mix Indep":1.1710578499},"42.csv":{"Gaussian":0.4856941297,"t_Copula":1.0994738576,"t_Copula_Capped":1.053235918,"Clayton":-12.8179082927,"Frank":0.3486475647,"Gumbel":0.6040936054,"Plackett":0.7307826703,"Gauss Mix Indep":0.2762565894},"81.csv":{"Gaussian":0.7738030354,"t_Copula":0.9348050402,"t_Copula_Capped":0.9279521567,"Clayton":-5.6467538533,"Frank":-0.1624229721,"Gumbel":0.6719786806,"Plackett":0.6739909714,"Gauss Mix Indep":0.6622556185},"85.csv":{"Gaussian":0.8434138688,"t_Copula":0.9686245379,"t_Copula_Capped":0.9657526605,"Clayton":-5.4694582926,"Frank":-0.0608914135,"Gumbel":0.7586150691,"Plackett":0.7466118496,"Gauss Mix Indep":0.778538479},"46.csv":{"Gaussian":0.5910261082,"t_Copula":1.0879718801,"t_Copula_Capped":1.0487849651,"Clayton":-12.5487266779,"Frank":0.2983466477,"Gumbel":0.6899381604,"Plackett":0.7627314866,"Gauss Mix Indep":0.5035995091},"0.csv":{"Gaussian":0.9950694297,"t_Copula":1.1463773059,"t_Copula_Capped":1.1509456583,"Clayton":-3.4597075318,"Frank":0.5954213569,"Gumbel":0.7995631768,"Plackett":0.9642068626,"Gauss Mix Indep":1.0062483895},"52.csv":{"Gaussian":0.6171576724,"t_Copula":1.0768233886,"t_Copula_Capped":1.0388021811,"Clayton":-12.9620473276,"Frank":0.2535249725,"Gumbel":0.7476520437,"Plackett":0.7815656183,"Gauss Mix Indep":0.5480555784},"1.csv":{"Gaussian":1.0925631818,"t_Copula":1.1690840703,"t_Copula_Capped":1.1690840942,"Clayton":-3.440139092,"Frank":0.6159493189,"Gumbel":1.0171415795,"Plackett":1.0761239599,"Gauss Mix Indep":1.1708511781},"53.csv":{"Gaussian":0.633532877,"t_Copula":1.0790904605,"t_Copula_Capped":1.0432351173,"Clayton":-12.7903656299,"Frank":0.2851601639,"Gumbel":0.7420063073,"Plackett":0.7893736109,"Gauss Mix Indep":0.5690536582},"47.csv":{"Gaussian":0.7671478479,"t_Copula":1.1142050649,"t_Copula_Capped":1.086850332,"Clayton":-12.2398379039,"Frank":0.3297454939,"Gumbel":0.8579278991,"Plackett":0.8568433039,"Gauss Mix Indep":0.8155330664},"84.csv":{"Gaussian":0.817388524,"t_Copula":0.9524827987,"t_Copula_Capped":0.9486845942,"Clayton":-5.5717112383,"Frank":-0.106213703,"Gumbel":0.7331744963,"Plackett":0.7237617461,"Gauss Mix Indep":0.7400782418},"86.csv":{"Gaussian":0.8270599049,"t_Copula":0.9731794924,"t_Copula_Capped":0.9685491516,"Clayton":-5.4107658653,"Frank":-0.0181082316,"Gumbel":0.7328695086,"Plackett":0.750602493,"Gauss Mix Indep":0.7654510628},"51.csv":{"Gaussian":0.6250450335,"t_Copula":1.0809566794,"t_Copula_Capped":1.0425985284,"Clayton":-12.7987466811,"Frank":0.2574411928,"Gumbel":0.7492656544,"Plackett":0.7901633558,"Gauss Mix Indep":0.5650217765},"3.csv":{"Gaussian":1.03862496,"t_Copula":1.1847195204,"t_Copula_Capped":1.1794775777,"Clayton":-5.0027083545,"Frank":0.6028602504,"Gumbel":1.0170831636,"Plackett":1.0668073227,"Gauss Mix Indep":1.1544650197},"45.csv":{"Gaussian":0.6391549344,"t_Copula":1.0843489202,"t_Copula_Capped":1.0496656989,"Clayton":-12.7756840942,"Frank":0.2620473499,"Gumbel":0.7466255247,"Plackett":0.7702984007,"Gauss Mix Indep":0.5522187648},"79.csv":{"Gaussian":0.8098143763,"t_Copula":0.9471778135,"t_Copula_Capped":0.9423773242,"Clayton":-5.53762229,"Frank":-0.1357066451,"Gumbel":0.719921486,"Plackett":0.710840253,"Gauss Mix Indep":0.7251390482},"78.csv":{"Gaussian":0.7983723365,"t_Copula":0.9640690501,"t_Copula_Capped":0.9555009006,"Clayton":-5.2717751079,"Frank":-0.0854241123,"Gumbel":0.6959445629,"Plackett":0.7266467131,"Gauss Mix Indep":0.7294613261},"44.csv":{"Gaussian":0.652069504,"t_Copula":1.0965918765,"t_Copula_Capped":1.062204793,"Clayton":-12.732511107,"Frank":0.2914335539,"Gumbel":0.7649845869,"Plackett":0.7936578625,"Gauss Mix Indep":0.5843522726},"50.csv":{"Gaussian":0.7979725034,"t_Copula":1.1256132092,"t_Copula_Capped":1.0966198582,"Clayton":-12.0011205432,"Frank":0.3241834674,"Gumbel":0.903517058,"Plackett":0.9099815033,"Gauss Mix Indep":0.8885514365},"2.csv":{"Gaussian":1.0989898967,"t_Copula":1.1737804089,"t_Copula_Capped":1.1737803793,"Clayton":-3.3425204251,"Frank":0.6345670229,"Gumbel":1.0276905453,"Plackett":1.0905197411,"Gauss Mix Indep":1.1786687115},"87.csv":{"Gaussian":0.8304367857,"t_Copula":0.9767159251,"t_Copula_Capped":0.9717246777,"Clayton":-5.4281602798,"Frank":0.0377450783,"Gumbel":0.7406051634,"Plackett":0.7539279135,"Gauss Mix Indep":0.7718013894},"37.csv":{"Gaussian":0.7311282367,"t_Copula":1.1708755391,"t_Copula_Capped":1.1396949707,"Clayton":-12.2680582501,"Frank":0.4584097702,"Gumbel":0.7324304204,"Plackett":0.8893358288,"Gauss Mix Indep":0.7544034006},"23.csv":{"Gaussian":1.0335194351,"t_Copula":1.0579292176,"t_Copula_Capped":1.0579292173,"Clayton":-1.9785756238,"Frank":0.5835575543,"Gumbel":1.1105518953,