,ERM,ES1,ES5,VaR1,VaR5,Var
copula,0.06312514524529711,0.12013531794033853,0.09288839463959556,0.10827262685252913,0.06906386644960077,0.0026360019899708998
cross hedge,0.06919209757535892,0.1482533541025909,0.10427906907886796,0.11949795765373847,0.07750794179958091,0.002825059657682219
% relative diff,-8.76827346281002,-18.96620574452216,-10.92326057366071,-9.393742806664745,-10.894464688295717,-6.692165498070544
spot,0.08913988806407418,0.22569392746822814,0.14408001234642878,0.16846993907451843,0.08989941652719295,0.00426440210902409
