{"["0.csv","Var"]":{"Gaussian":0.7345703125,"t_Copula":0.7497070312,"t_Copula_Capped":0.7732421875,"Clayton":0.6586914062,"Frank":0.5892578125,"Gumbel":0.6955078125,"Plackett":0.63828125,"Gauss Mix Indep":0.7106445312},"["0.csv","ERM k=10"]":{"Gaussian":0.6999023437,"t_Copula":0.7387695312,"t_Copula_Capped":0.758203125,"Clayton":0.5700195312,"Frank":0.551953125,"Gumbel":0.7545898437,"Plackett":0.6095703125,"Gauss Mix Indep":0.6965820312},"["0.csv","ERM k=20"]":{"Gaussian":0.7475585937,"t_Copula":0.7538085937,"t_Copula_Capped":0.7853515625,"Clayton":0.588671875,"Frank":0.5825195312,"Gumbel":0.8217773437,"Plackett":0.630078125,"Gauss Mix Indep":0.72265625},"["0.csv","ES q=0.01"]":{"Gaussian":0.5887695312,"t_Copula":0.7290039062,"t_Copula_Capped":0.7126953125,"Clayton":0.576953125,"Frank":0.5280273437,"Gumbel":0.6788085937,"Plackett":0.6528320312,"Gauss Mix Indep":0.66328125},"["0.csv","ES q=0.05"]":{"Gaussian":0.503125,"t_Copula":0.448046875,"t_Copula_Capped":0.5125,"Clayton":0.43125,"Frank":0.39140625,"Gumbel":0.4756835937,"Plackett":0.4111328125,"Gauss Mix Indep":0.4693359375},"["0.csv","ES q=0.10"]":{"Gaussian":0.1984375,"t_Copula":0.0,"t_Copula_Capped":0.1936523437,"Clayton":0.0,"Frank":0.0,"Gumbel":0.19375,"Plackett":0.0,"Gauss Mix Indep":0.1830078125},"["1.csv","Var"]":{"Gaussian":0.6905273437,"t_Copula":0.7145507812,"t_Copula_Capped":0.7314453125,"Clayton":0.633984375,"Frank":0.55625,"Gumbel":0.65234375,"Plackett":0.5970703125,"Gauss Mix Indep":0.6731445312},"["1.csv","ERM k=10"]":{"Gaussian":0.6858398437,"t_Copula":0.718359375,"t_Copula_Capped":0.7416015625,"Clayton":0.5694335937,"Frank":0.5532226562,"Gumbel":0.7391601562,"Plackett":0.598046875,"Gauss Mix Indep":0.6849609375},"["1.csv","ERM k=20"]":{"Gaussian":0.7345703125,"t_Copula":0.725,"t_Copula_Capped":0.7666992187,"Clayton":0.5873046875,"Frank":0.5844726562,"Gumbel":0.8073242187,"Plackett":0.6180664062,"Gauss Mix Indep":0.7102539062},"["1.csv","ES q=0.01"]":{"Gaussian":0.5771484375,"t_Copula":0.7263671875,"t_Copula_Capped":0.690625,"Clayton":0.56171875,"Frank":0.5208007812,"Gumbel":0.65546875,"Plackett":0.6149414062,"Gauss Mix Indep":0.6431640625},"["1.csv","ES q=0.05"]":{"Gaussian":0.549609375,"t_Copula":0.4677734375,"t_Copula_Capped":0.5310546875,"Clayton":0.5328125,"Frank":0.40703125,"Gumbel":0.4928710937,"Plackett":0.431640625,"Gauss Mix Indep":0.515625},"["1.csv","ES q=0.10"]":{"Gaussian":0.2420898437,"t_Copula":0.1275390625,"t_Copula_Capped":0.2203125,"Clayton":0.0,"Frank":0.2669921875,"Gumbel":0.200390625,"Plackett":0.2250976562,"Gauss Mix Indep":0.2079101562},"["10.csv","Var"]":{"Gaussian":0.6126953125,"t_Copula":0.6532226562,"t_Copula_Capped":0.669140625,"Clayton":0.5165039062,"Frank":0.5237304687,"Gumbel":0.6420898437,"Plackett":0.6028320312,"Gauss Mix Indep":0.5505859375},"["10.csv","ERM k=10"]":{"Gaussian":0.6133789062,"t_Copula":0.6763671875,"t_Copula_Capped":0.6741210937,"Clayton":0.4787109375,"Frank":0.5174804687,"Gumbel":0.737890625,"Plackett":0.605078125,"Gauss Mix Indep":0.5671875},"["10.csv","ERM k=20"]":{"Gaussian":0.6301757812,"t_Copula":0.6448242187,"t_Copula_Capped":0.6662109375,"Clayton":0.462109375,"Frank":0.5263671875,"Gumbel":0.775390625,"Plackett":0.5877929687,"Gauss Mix Indep":0.4903320312},"["10.csv","ES q=0.01"]":{"Gaussian":0.51953125,"t_Copula":0.7071289062,"t_Copula_Capped":0.646875,"Clayton":0.4844726562,"Frank":0.458984375,"Gumbel":0.6375,"Plackett":0.63046875,"Gauss Mix Indep":0.6846679687},"["10.csv","ES q=0.05"]":{"Gaussian":0.6081054687,"t_Copula":0.6751953125,"t_Copula_Capped":0.669140625,"Clayton":0.623828125,"Frank":0.4849609375,"Gumbel":0.5979492187,"Plackett":0.5794921875,"Gauss Mix Indep":0.6032226562},"["10.csv","ES q=0.10"]":{"Gaussian":0.6723632812,"t_Copula":0.4013671875,"t_Copula_Capped":0.498828125,"Clayton":0.81796875,"Frank":0.5487304687,"Gumbel":0.431640625,"Plackett":0.5612304687,"Gauss Mix Indep":0.3811523437},"["11.csv","Var"]":{"Gaussian":0.6360351562,"t_Copula":0.6751953125,"t_Copula_Capped":0.694921875,"Clayton":0.5443359375,"Frank":0.5504882812,"Gumbel":0.6638671875,"Plackett":0.6302734375,"Gauss Mix Indep":0.580859375},"["11.csv","ERM k=10"]":{"Gaussian":0.636328125,"t_Copula":0.6954101562,"t_Copula_Capped":0.6987304687,"Clayton":0.4932617187,"Frank":0.5448242187,"Gumbel":0.75703125,"Plackett":0.6311523437,"Gauss Mix Indep":0.599609375},"["11.csv","ERM k=20"]":{"Gaussian":0.653515625,"t_Copula":0.6640625,"t_Copula_Capped":0.691015625,"Clayton":0.4734375,"Frank":0.553125,"Gumbel":0.7934570312,"Plackett":0.6133789062,"Gauss Mix Indep":0.5166992187},"["11.csv","ES q=0.01"]":{"Gaussian":0.5327148437,"t_Copula":0.7375,"t_Copula_Capped":0.683203125,"Clayton":0.5194335937,"Frank":0.4856445312,"Gumbel":0.6583984375,"Plackett":0.6532226562,"Gauss Mix Indep":0.7},"["11.csv","ES q=0.05"]":{"Gaussian":0.6376953125,"t_Copula":0.684375,"t_Copula_Capped":0.6919921875,"Clayton":0.6932617187,"Frank":0.51796875,"Gumbel":0.6154296875,"Plackett":0.6134765625,"Gauss Mix Indep":0.6196289062},"["11.csv","ES q=0.10"]":{"Gaussian":0.636328125,"t_Copula":0.3849609375,"t_Copula_Capped":0.5078125,"Clayton":0.830859375,"Frank":0.5243164062,"Gumbel":0.4138671875,"Plackett":0.536328125,"Gauss Mix Indep":0.377734375},"["12.csv","Var"]":{"Gaussian":0.6162109375,"t_Copula":0.6572265625,"t_Copula_Capped":0.6760742187,"Clayton":0.5364257812,"Frank":0.51796875,"Gumbel":0.643359375,"Plackett":0.6119140625,"Gauss Mix Indep":0.544921875},"["12.csv","ERM k=10"]":{"Gaussian":0.61796875,"t_Copula":0.6846679687,"t_Copula_Capped":0.6833007812,"Clayton":0.49296875,"Frank":0.5125,"Gumbel":0.7314453125,"Plackett":0.6141601562,"Gauss Mix Indep":0.5602539062},"["12.csv","ERM k=20"]":{"Gaussian":0.6369140625,"t_Copula":0.6538085937,"t_Copula_Capped":0.6768554687,"Clayton":0.4740234375,"Frank":0.5251953125,"Gumbel":0.771875,"Plackett":0.599609375,"Gauss Mix Indep":0.478515625},"["12.csv","ES q=0.01"]":{"Gaussian":0.499609375,"t_Copula":0.70078125,"t_Copula_Capped":0.6533203125,"Clayton":0.494921875,"Frank":0.4453125,"Gumbel":0.6205078125,"Plackett":0.6224609375,"Gauss Mix Indep":0.7029296875},"["12.csv","ES q=0.05"]":{"Gaussian":0.6004882812,"t_Copula":0.6768554687,"t_Copula_Capped":0.6703125,"Clayton":0.6661132812,"Frank":0.456640625,"Gumbel":0.603125,"Plackett":0.5810546875,"Gauss Mix Indep":0.6000976562},"["12.csv","ES q=0.10"]":{"Gaussian":0.61171875,"t_Copula":0.403515625,"t_Copula_Capped":0.5375976562,"Clayton":0.7732421875,"Frank":0.4877929687,"Gumbel":0.4194335937,"Plackett":0.514453125,"Gauss Mix Indep":0.3904296875},"["13.csv","Var"]":{"Gaussian":0.6793945312,"t_Copula":0.7194335937,"t_Copula_Capped":0.7390625,"Clayton":0.59765625,"Frank":0.5723632812,"Gumbel":0.7001953125,"Plackett":0.6580078125,"Gauss Mix Indep":0.59296875},"["13.csv","ERM k=10"]":{"Gaussian":0.6830078125,"t_Copula":0.744140625,"t_Copula_Capped":0.744921875,"Clayton":0.5555664062,"Frank":0.5689453125,"Gumbel":0.80078125,"Plackett":0.6590820312,"Gauss Mix Indep":0.6243164062},"["13.csv","ERM k=20"]":{"Gaussian":0.6955078125,"t_Copula":0.7100585937,"t_Copula_Capped":0.7327148437,"Clayton":0.5299804687,"Frank":0.5725585937,"Gumbel":0.83671875,"Plackett":0.637890625,"Gauss Mix Indep":0.5331054687},"["13.csv","ES q=0.01"]":{"Gaussian":0.587890625,"t_Copula":0.7763671875,"t_Copula_Capped":0.7375,"Clayton":0.6030273437,"Frank":0.5123046875,"Gumbel":0.685546875,"Plackett":0.6877929687,"Gauss Mix Indep":0.766796875},"["13.csv","ES q=0.05"]":{"Gaussian":0.6971679687,"t_Copula":0.762890625,"t_Copula_Capped":0.7640625,"Clayton":0.891015625,"Frank":0.565234375,"Gumbel":0.6438476562,"Plackett":0.6498046875,"Gauss Mix Indep":0.6107421875},"["13.csv","ES q=0.10"]":{"Gaussian":0.86328125,"t_Copula":0.55,"t_Copula_Capped":0.7140625,"Clayton":1.0,"Frank":0.6998046875,"Gumbel":0.66171875,"Plackett":0.708984375,"Gauss Mix Indep":0.4927734375},"["14.csv","Var"]":{"Gaussian":0.6751953125,"t_Copula":0.6857421875,"t_Copula_Capped":0.7137695312,"Clayton":0.6001953125,"Frank":0.5784179687,"Gumbel":0.6689453125,