{"0.csv":{"Gaussian":0.2601373208,"t_Copula":0.7146550131,"t_Copula_Capped":0.6840084081,"Clayton":-5.0465987237,"Frank":-0.7213108532,"Gumbel":0.3750237345,"Plackett":0.4487592332,"Gauss Mix Indep":0.1287578657},"1.csv":{"Gaussian":0.4658003788,"t_Copula":0.7569228808,"t_Copula_Capped":0.7339201298,"Clayton":-2.3101476351,"Frank":-0.4663403441,"Gumbel":0.4756875564,"Plackett":0.5587722077,"Gauss Mix Indep":0.5532436356},"10.csv":{"Gaussian":0.4651851389,"t_Copula":0.6825412419,"t_Copula_Capped":0.6687272422,"Clayton":-1.0128312859,"Frank":-0.1067017248,"Gumbel":0.5490747686,"Plackett":0.584409421,"Gauss Mix Indep":0.6590073611},"11.csv":{"Gaussian":0.4610184994,"t_Copula":0.6898126009,"t_Copula_Capped":0.6767717985,"Clayton":-1.038159538,"Frank":-0.1368115774,"Gumbel":0.5417922652,"Plackett":0.5910444876,"Gauss Mix Indep":0.6633611833},"12.csv":{"Gaussian":0.4646408868,"t_Copula":0.6778846928,"t_Copula_Capped":0.665042419,"Clayton":-1.0277268061,"Frank":-0.0970244586,"Gumbel":0.5451819764,"Plackett":0.5851504825,"Gauss Mix Indep":0.6527648804},"13.csv":{"Gaussian":0.4831391792,"t_Copula":0.6882608312,"t_Copula_Capped":0.6774821432,"Clayton":-1.018712603,"Frank":-0.0681721528,"Gumbel":0.567038331,"Plackett":0.6036294347,"Gauss Mix Indep":0.6717874113},"14.csv":{"Gaussian":0.4663940088,"t_Copula":0.7002307451,"t_Copula_Capped":0.6899017655,"Clayton":-1.3541216472,"Frank":-0.1569979848,"Gumbel":0.5599345496,"Plackett":0.6032769764,"Gauss Mix Indep":0.6758635347},"15.csv":{"Gaussian":0.4407241349,"t_Copula":0.6990899433,"t_Copula_Capped":0.6850790106,"Clayton":-1.665411014,"Frank":-0.2334882667,"Gumbel":0.5445606384,"Plackett":0.5943699577,"Gauss Mix Indep":0.6568973977},"16.csv":{"Gaussian":0.4316252506,"t_Copula":0.6971842655,"t_Copula_Capped":0.6793252524,"Clayton":-1.7116588684,"Frank":-0.2653383809,"Gumbel":0.5423257658,"Plackett":0.5822731204,"Gauss Mix Indep":0.6399786481},"17.csv":{"Gaussian":0.4164063598,"t_Copula":0.6929591786,"t_Copula_Capped":0.6727357674,"Clayton":-1.7636148503,"Frank":-0.2767216235,"Gumbel":0.5359898734,"Plackett":0.5768215164,"Gauss Mix Indep":0.630902031},"18.csv":{"Gaussian":0.3338350968,"t_Copula":0.7081900486,"t_Copula_Capped":0.6777317838,"Clayton":-3.5660861778,"Frank":-0.5895585827,"Gumbel":0.5023872423,"Plackett":0.5397699154,"Gauss Mix Indep":0.4864035649},"19.csv":{"Gaussian":0.3923954413,"t_Copula":0.717703808,"t_Copula_Capped":0.6878678796,"Clayton":-2.533658358,"Frank":-0.3962888211,"Gumbel":0.5413458679,"Plackett":0.5798715834,"Gauss Mix Indep":0.5946121738},"2.csv":{"Gaussian":0.5138976358,"t_Copula":0.7583165629,"t_Copula_Capped":0.7387876648,"Clayton":-1.4841799173,"Frank":-0.2512232852,"Gumbel":0.5045036999,"Plackett":0.5934681153,"Gauss Mix Indep":0.6276044522},"20.csv":{"Gaussian":0.3891590862,"t_Copula":0.719393623,"t_Copula_Capped":0.688433421,"Clayton":-2.5277769564,"Frank":-0.391256785,"Gumbel":0.5416926896,"Plackett":0.5859319843,"Gauss Mix Indep":0.6017639729},"21.csv":{"Gaussian":0.4092239998,"t_Copula":0.7228480521,"t_Copula_Capped":0.6931885153,"Clayton":-2.4846944434,"Frank":-0.3090037776,"Gumbel":0.5653803829,"Plackett":0.5999395338,"Gauss Mix Indep":0.6315692237},"22.csv":{"Gaussian":0.3600955859,"t_Copula":0.7341474838,"t_Copula_Capped":0.7017312747,"Clayton":-3.5278011552,"Frank":-0.5405631772,"Gumbel":0.5426104377,"Plackett":0.575826726,"Gauss Mix Indep":0.5569654854},"23.csv":{"Gaussian":0.372979795,"t_Copula":0.7489003264,"t_Copula_Capped":0.7164602692,"Clayton":-3.3910638679,"Frank":-0.504672178,"Gumbel":0.5522571599,"Plackett":0.5929380791,"Gauss Mix Indep":0.5812390398},"24.csv":{"Gaussian":0.2826357848,"t_Copula":0.7389058878,"t_Copula_Capped":0.7018062465,"Clayton":-3.7210459902,"Frank":-0.8619175898,"Gumbel":0.4740721907,"Plackett":0.5408152609,"Gauss Mix Indep":0.3520686741},"25.csv":{"Gaussian":0.4565064711,"t_Copula":0.7310168859,"t_Copula_Capped":0.7085425861,"Clayton":-3.7307838345,"Frank":-0.8652243764,"Gumbel":0.5398522041,"Plackett":0.5549432842,"Gauss Mix Indep":0.4692013414},"26.csv":{"Gaussian":0.5486148165,"t_Copula":0.7436492857,"t_Copula_Capped":0.7277858945,"Clayton":-2.5093743003,"Frank":-0.2732493425,"Gumbel":0.607775248,"Plackett":0.6223570686,"Gauss Mix Indep":0.6579101669},"27.csv":{"Gaussian":0.4234380354,"t_Copula":0.7289270849,"t_Copula_Capped":0.7036055511,"Clayton":-4.2907589525,"Frank":-0.8494555087,"Gumbel":0.5212061589,"Plackett":0.5452640003,"Gauss Mix Indep":0.4375902379},"28.csv":{"Gaussian":0.4901328371,"t_Copula":0.7304533317,"t_Copula_Capped":0.7107991651,"Clayton":-4.1544627496,"Frank":-0.474161226,"Gumbel":0.5779093676,"Plackett":0.5803853421,"Gauss Mix Indep":0.5638102231},"29.csv":{"Gaussian":0.5368870577,"t_Copula":0.7223961214,"t_Copula_Capped":0.706577604,"Clayton":-4.0541683092,"Frank":-0.2359516394,"Gumbel":0.6249136172,"Plackett":0.6125590075,"Gauss Mix Indep":0.6479783961},"3.csv":{"Gaussian":0.5239362616,"t_Copula":0.7535018036,"t_Copula_Capped":0.7344158034,"Clayton":-1.197447578,"Frank":-0.2011364436,"Gumbel":0.5139997605,"Plackett":0.5978216232,"Gauss Mix Indep":0.6341545955},"30.csv":{"Gaussian":0.5909187744,"t_Copula":0.7317379756,"t_Copula_Capped":0.7222933087,"Clayton":-2.677598957,"Frank":-0.031124987,"Gumbel":0.6498235022,"Plackett":0.6583882936,"Gauss Mix Indep":0.7124355379},"31.csv":{"Gaussian":0.6245244235,"t_Copula":0.7172674634,"t_Copula_Capped":0.7172674538,"Clayton":-2.2227732428,"Frank":0.1001825237,"Gumbel":0.6762965681,"Plackett":0.6827972334,"Gauss Mix Indep":0.7327527297},"32.csv":{"Gaussian":0.6182400146,"t_Copula":0.7152877777,"t_Copula_Capped":0.7152877869,"Clayton":-2.2391954055,"Frank":0.0909526814,"Gumbel":0.6737078933,"Plackett":0.6810047465,"Gauss Mix Indep":0.7297501376},"33.csv":{"Gaussian":0.5960419966,"t_Copula":0.7214786139,"t_Copula_Capped":0.7135156651,"Clayton":-2.8328327894,"Frank":-0.010983764,"Gumbel":0.6568401835,"Plackett":0.6551742642,"Gauss Mix Indep":0.7024794094},"34.csv":{"Gaussian":0.5801321279,"t_Copula":0.7151906592,"t_Copula_Capped":0.7050884138,"Clayton":-2.8528690841,"Frank":-0.0445434566,"Gumbel":0.6465288467,"Plackett":0.6440166874,"Gauss Mix Indep":0.6900200994},"35.csv":{"Gaussian":0.5771308755,"t_Copula":0.7147002636,"t_Copula_Capped":0.7040743276,"Clayton":-2.8670200977,"Frank":-0.0460955314,"Gumbel":0.6469552333,"Plackett":0.6459363447,"Gauss Mix Indep":0.6886359654},"36.csv":{"Gaussian":0.5956819861,"t_Copula":0.7104804452,"t_Copula_Capped":0.7022164175,"Clayton":-2.2680929156,"Frank":0.0604053281,"Gumbel":0.6544454834,"Plackett":0.6569672478,"Gauss Mix Indep":0.7025655736},"37.csv":{"Gaussian":0.577495788,"t_Copula":0.7030167481,"t_Copula_Capped":0.6939481075,"Clayton":-2.403397689,"Frank":-0.0176828451,"Gumbel":0.6382485343,"Plackett":0.6330750942,"Gauss Mix Indep":0.6804536374},"38.csv":{"Gaussian":0.563683715,"t_Copula":0.686203888,"t_Copula_Capped":0.6776062355,"Clayton":-2.4717323889,"Frank":-0.0711337351,"Gumbel":0.6209442478,"Plackett":0.6017324526,"Gauss Mix Indep":0.6476010852},"39.csv":{"Gaussian":0.5584633962,"t_Copula":0.677591,"t_Copula_Capped":0.6701350509,"Clayton":-2.9577887177,"Frank":-0.0804412757,"Gumbel":0.6159947943,"Plackett":0.5905269591,"Gauss Mix Indep":0.6377542853},"4.csv":{"Gaussian":0.4586630452,"t_Copula":0.7259818248,"t_Copula_Capped":0.7029677617,"Clayton":-1.3814992498,"Frank":-0.3509326498,"Gumbel":0.4565451891,"Plackett":0.5563396213,"Gauss Mix Indep":0.5606884381},"40.csv":{"Gaussian":0.5356965397,"t_Copula":0.6622117745,"t_Copula_Capped":0.6556316109,"Clayton":-3.0983483369,"Frank":-0.1715424228,"Gumbel":0.5899055862,"Plackett":0.5562417336,"Gauss Mix Indep":0.59431685},"41.csv":{"Gaussian":0.5478365455,"t_Copula":0.6551643263,"t_Copula_Capped":0.6521714373,"Clayton":-3.1027124221,"Frank":-0.1197801875,"Gumbel":0.5996914759,"Plackett":0.5546790598,"Gauss Mix Indep":0.597892675},"42.csv":{"Gaussian":0.5540579185,"t_Copula":0.6577848953,"t_Copula_Capped":0.6555456352,"Clayton":-3.0993970581,"Frank":-0.0984653223,"Gumbel":0.603001107,