{"0.csv":{"Gaussian":{"rho":0.9459530627},"t_Copula":{"rho":0.9475939871,"nu":2.0},"t_Copula_Capped":{"rho":0.9551404919,"nu":4.0},"Clayton":{"theta":5.3997252654},"Frank":{"theta":17.1324130986},"Gumbel":{"theta":4.5707755301},"Plackett":{"theta":112.9157600963},"Gauss Mix Indep":{"rho":0.9570790829,"p":0.9712035299}},"1.csv":{"Gaussian":{"rho":0.9261815986},"t_Copula":{"rho":0.9412470478,"nu":2.0},"t_Copula_Capped":{"rho":0.9471178895,"nu":4.0},"Clayton":{"theta":4.4033934004},"Frank":{"theta":15.1919717731},"Gumbel":{"theta":4.2498762922},"Plackett":{"theta":99.5478907684},"Gauss Mix Indep":{"rho":0.9604143461,"p":0.9170438917}},"10.csv":{"Gaussian":{"rho":0.9011071735},"t_Copula":{"rho":0.910155707,"nu":2.0},"t_Copula_Capped":{"rho":0.9204292771,"nu":4.0},"Clayton":{"theta":3.6936397128},"Frank":{"theta":12.7729981978},"Gumbel":{"theta":3.5925812361},"Plackett":{"theta":67.0166544349},"Gauss Mix Indep":{"rho":0.9583772771,"p":0.8654887609}},"11.csv":{"Gaussian":{"rho":0.9128542684},"t_Copula":{"rho":0.9212963701,"nu":2.0},"t_Copula_Capped":{"rho":0.9305128443,"nu":4.0},"Clayton":{"theta":4.1640567726},"Frank":{"theta":13.5125352224},"Gumbel":{"theta":3.8123839904},"Plackett":{"theta":77.5098678112},"Gauss Mix Indep":{"rho":0.9622333574,"p":0.8770060806}},"2.csv":{"Gaussian":{"rho":0.9205765909},"t_Copula":{"rho":0.9349721344,"nu":2.0},"t_Copula_Capped":{"rho":0.9416597328,"nu":4.0},"Clayton":{"theta":4.1523026772},"Frank":{"theta":14.2895403703},"Gumbel":{"theta":4.0910326554},"Plackett":{"theta":86.8320439046},"Gauss Mix Indep":{"rho":0.9568207669,"p":0.9140429601}},"3.csv":{"Gaussian":{"rho":0.9251658372},"t_Copula":{"rho":0.9349721344,"nu":2.0},"t_Copula_Capped":{"rho":0.9416597328,"nu":4.0},"Clayton":{"theta":4.2144878672},"Frank":{"theta":14.5624058059},"Gumbel":{"theta":4.0132433796},"Plackett":{"theta":86.9346002291},"Gauss Mix Indep":{"rho":0.9618642968,"p":0.8886792312}},"4.csv":{"Gaussian":{"rho":0.9186919488},"t_Copula":{"rho":0.9332390429,"nu":2.0},"t_Copula_Capped":{"rho":0.9396774486,"nu":4.0},"Clayton":{"theta":4.1219831527},"Frank":{"theta":14.2804383355},"Gumbel":{"theta":4.1347379005},"Plackett":{"theta":87.144678742},"Gauss Mix Indep":{"rho":0.9663912251,"p":0.8759156042}},"5.csv":{"Gaussian":{"rho":0.9219176354},"t_Copula":{"rho":0.9332390429,"nu":2.0},"t_Copula_Capped":{"rho":0.9396774486,"nu":4.0},"Clayton":{"theta":4.1973924898},"Frank":{"theta":14.7580320835},"Gumbel":{"theta":4.2561416165},"Plackett":{"theta":94.1649820701},"Gauss Mix Indep":{"rho":0.9691405369,"p":0.873750433}},"6.csv":{"Gaussian":{"rho":0.9186465672},"t_Copula":{"rho":0.9387440351,"nu":2.0},"t_Copula_Capped":{"rho":0.9437936235,"nu":4.0},"Clayton":{"theta":4.1759492493},"Frank":{"theta":14.9636694336},"Gumbel":{"theta":4.2557427049},"Plackett":{"theta":99.6738183498},"Gauss Mix Indep":{"rho":0.9733040693,"p":0.858608652}},"7.csv":{"Gaussian":{"rho":0.9150770303},"t_Copula":{"rho":0.9332390429,"nu":2.0},"t_Copula_Capped":{"rho":0.9396774486,"nu":4.0},"Clayton":{"theta":4.047594065},"Frank":{"theta":14.6844019199},"Gumbel":{"theta":4.102812415},"Plackett":{"theta":89.4035490111},"Gauss Mix Indep":{"rho":0.9687594643,"p":0.8719460122}},"8.csv":{"Gaussian":{"rho":0.9219199082},"t_Copula":{"rho":0.9319128108,"nu":2.0},"t_Copula_Capped":{"rho":0.9397685403,"nu":4.0},"Clayton":{"theta":4.2813567286},"Frank":{"theta":14.8337050068},"Gumbel":{"theta":4.1254478584},"Plackett":{"theta":89.7422473135},"Gauss Mix Indep":{"rho":0.9662378361,"p":0.8857990036}},"9.csv":{"Gaussian":{"rho":0.9180129889},"t_Copula":{"rho":0.9270439592,"nu":2.0},"t_Copula_Capped":{"rho":0.9361086576,"nu":4.0},"Clayton":{"theta":4.1508261765},"Frank":{"theta":14.4095093127},"Gumbel":{"theta":4.0080235785},"Plackett":{"theta":82.2061301},"Gauss Mix Indep":{"rho":0.9651528422,"p":0.8832076248}}}