{"0.csv":{"Gaussian":0.4428363085,"t_Copula":0.516729007,"t_Copula_Capped":0.5074836092,"Clayton":0.3760946672,"Frank":0.4145051417,"Gumbel":0.4669366665,"Plackett":0.4783909598,"Gauss Mix Indep":0.503608778},"1.csv":{"Gaussian":0.4285660259,"t_Copula":0.5062000148,"t_Copula_Capped":0.4956741647,"Clayton":0.372772566,"Frank":0.405526403,"Gumbel":0.4487160559,"Plackett":0.4723052572,"Gauss Mix Indep":0.49932337},"2.csv":{"Gaussian":0.423221355,"t_Copula":0.51148934,"t_Copula_Capped":0.4971591797,"Clayton":0.3731316233,"Frank":0.4043395349,"Gumbel":0.4462193691,"Plackett":0.4799976312,"Gauss Mix Indep":0.5087348402},"3.csv":{"Gaussian":0.4246340385,"t_Copula":0.5129023869,"t_Copula_Capped":0.4982795219,"Clayton":0.3781489484,"Frank":0.4028654172,"Gumbel":0.4453247747,"Plackett":0.478245221,"Gauss Mix Indep":0.5074693348},"4.csv":{"Gaussian":0.4311320306,"t_Copula":0.5182072721,"t_Copula_Capped":0.5039315594,"Clayton":0.3917010448,"Frank":0.411667618,"Gumbel":0.4456860869,"Plackett":0.4871857008,"Gauss Mix Indep":0.5159349777},"5.csv":{"Gaussian":0.426125903,"t_Copula":0.5117649183,"t_Copula_Capped":0.4958116401,"Clayton":0.388764349,"Frank":0.397362252,"Gumbel":0.4391922364,"Plackett":0.4731625962,"Gauss Mix Indep":0.5062467747},"6.csv":{"Gaussian":0.4286213957,"t_Copula":0.5151747191,"t_Copula_Capped":0.4989989275,"Clayton":0.389499899,"Frank":0.4003901804,"Gumbel":0.4434434927,"Plackett":0.4768165467,"Gauss Mix Indep":0.508469189},"7.csv":{"Gaussian":0.4100484465,"t_Copula":0.4777680572,"t_Copula_Capped":0.469424697,"Clayton":0.3536796702,"Frank":0.3914975108,"Gumbel":0.4242840628,"Plackett":0.4573871941,"Gauss Mix Indep":0.4754474951}}