{"0.csv":{"Gaussian":{"rho":0.7674325668},"t_Copula":{"rho":0.7752406496,"nu":2.0220543426},"t_Copula_Capped":{"rho":0.7964943393,"nu":4.0},"Clayton":{"theta":1.8469135166},"Frank":{"theta":7.1893336588},"Gumbel":{"theta":2.2849471633},"Plackett":{"theta":21.0228020747},"Gauss Mix Indep":{"rho":0.9104172314,"p":0.7649048392}},"1.csv":{"Gaussian":{"rho":0.759471159},"t_Copula":{"rho":0.7718866653,"nu":2.0},"t_Copula_Capped":{"rho":0.7964943393,"nu":4.0},"Clayton":{"theta":1.8529365877},"Frank":{"theta":7.0941868843},"Gumbel":{"theta":2.2393098094},"Plackett":{"theta":20.85156637},"Gauss Mix Indep":{"rho":0.9198764839,"p":0.7403594419}},"2.csv":{"Gaussian":{"rho":0.7564084545},"t_Copula":{"rho":0.7773411437,"nu":2.0},"t_Copula_Capped":{"rho":0.7964943393,"nu":4.0},"Clayton":{"theta":1.8660029305},"Frank":{"theta":7.1254749026},"Gumbel":{"theta":2.2384109597},"Plackett":{"theta":22.0485046235},"Gauss Mix Indep":{"rho":0.9288720993,"p":0.7245788501}},"3.csv":{"Gaussian":{"rho":0.7572217509},"t_Copula":{"rho":0.7773411437,"nu":2.0},"t_Copula_Capped":{"rho":0.7964943393,"nu":4.0},"Clayton":{"theta":1.8937084873},"Frank":{"theta":7.0940152086},"Gumbel":{"theta":2.2333792318},"Plackett":{"theta":21.8928482092},"Gauss Mix Indep":{"rho":0.9279835467,"p":0.724591204}},"4.csv":{"Gaussian":{"rho":0.7609239886},"t_Copula":{"rho":0.7820289553,"nu":2.0},"t_Copula_Capped":{"rho":0.7964943393,"nu":4.0},"Clayton":{"theta":1.9591413878},"Frank":{"theta":7.2099587228},"Gumbel":{"theta":2.2384213795},"Plackett":{"theta":22.4618325083},"Gauss Mix Indep":{"rho":0.9312536904,"p":0.7241568973}},"5.csv":{"Gaussian":{"rho":0.7581751251},"t_Copula":{"rho":0.7767919348,"nu":2.0},"t_Copula_Capped":{"rho":0.7964943393,"nu":4.0},"Clayton":{"theta":1.9465985199},"Frank":{"theta":7.0053436901},"Gumbel":{"theta":2.2157404276},"Plackett":{"theta":21.7254301313},"Gauss Mix Indep":{"rho":0.9349260898,"p":0.7031170664}},"6.csv":{"Gaussian":{"rho":0.7595967013},"t_Copula":{"rho":0.7791071506,"nu":2.0},"t_Copula_Capped":{"rho":0.7982838127,"nu":4.0},"Clayton":{"theta":1.9466816425},"Frank":{"theta":7.0436581427},"Gumbel":{"theta":2.2286761519},"Plackett":{"theta":22.0820112377},"Gauss Mix Indep":{"rho":0.9353364052,"p":0.7028832976}},"7.csv":{"Gaussian":{"rho":0.7485568522},"t_Copula":{"rho":0.7632052474,"nu":2.054895439},"t_Copula_Capped":{"rho":0.7825919019,"nu":4.0},"Clayton":{"theta":1.7768074522},"Frank":{"theta":6.9156268093},"Gumbel":{"theta":2.1763849617},"Plackett":{"theta":20.2656015739},"Gauss Mix Indep":{"rho":0.9243619196,"p":0.7130375852}}}