{"68.csv":{"Gaussian":0.232029727,"t_Copula":0.4437771355,"t_Copula_Capped":0.4180727939,"Clayton":-1.6953765087,"Frank":-0.2614375321,"Gumbel":0.3727431059,"Plackett":0.369172691,"Gauss Mix Indep":0.311243174},"6.csv":{"Gaussian":0.3622766645,"t_Copula":0.6158021341,"t_Copula_Capped":0.5987016676,"Clayton":-3.4469003257,"Frank":-0.9438249664,"Gumbel":0.3653687148,"Plackett":0.3479123436,"Gauss Mix Indep":0.1237650941},"54.csv":{"Gaussian":0.263091294,"t_Copula":0.5202697102,"t_Copula_Capped":0.4916318395,"Clayton":-2.3670246671,"Frank":-0.4247331242,"Gumbel":0.3847646015,"Plackett":0.407140182,"Gauss Mix Indep":0.2979138585},"40.csv":{"Gaussian":0.3401382903,"t_Copula":0.4868253469,"t_Copula_Capped":0.4780762933,"Clayton":-0.4179028179,"Frank":-0.2197204155,"Gumbel":0.4017060968,"Plackett":0.3700154767,"Gauss Mix Indep":0.3628822108},"41.csv":{"Gaussian":0.3451074089,"t_Copula":0.4911018748,"t_Copula_Capped":0.479446679,"Clayton":-0.1948286351,"Frank":-0.1754958331,"Gumbel":0.4137096077,"Plackett":0.3804686161,"Gauss Mix Indep":0.3865183382},"7.csv":{"Gaussian":0.2935625849,"t_Copula":0.607983536,"t_Copula_Capped":0.5851446978,"Clayton":-4.8868430817,"Frank":-1.1911573372,"Gumbel":0.323330356,"Plackett":0.3087546518,"Gauss Mix Indep":-0.0595243794},"55.csv":{"Gaussian":0.258684295,"t_Copula":0.5199600156,"t_Copula_Capped":0.4906664962,"Clayton":-2.3336335895,"Frank":-0.4209274756,"Gumbel":0.3791412305,"Plackett":0.4122922722,"Gauss Mix Indep":0.3055862881},"69.csv":{"Gaussian":0.241314207,"t_Copula":0.4556193394,"t_Copula_Capped":0.4281248388,"Clayton":-1.7194643648,"Frank":-0.2451359588,"Gumbel":0.3858742533,"Plackett":0.386356493,"Gauss Mix Indep":0.351303512},"43.csv":{"Gaussian":0.2909674947,"t_Copula":0.4912074033,"t_Copula_Capped":0.4727930068,"Clayton":-1.6576299882,"Frank":-0.3353737142,"Gumbel":0.3730042737,"Plackett":0.3743898091,"Gauss Mix Indep":0.2826426141},"57.csv":{"Gaussian":0.2697978238,"t_Copula":0.5113554118,"t_Copula_Capped":0.4825552669,"Clayton":-1.6518905485,"Frank":-0.2951230449,"Gumbel":0.3901236484,"Plackett":0.4254972836,"Gauss Mix Indep":0.3751228668},"5.csv":{"Gaussian":0.3907284808,"t_Copula":0.6210623266,"t_Copula_Capped":0.6051181698,"Clayton":-3.3848646291,"Frank":-0.8960968015,"Gumbel":0.3999365405,"Plackett":0.3656588058,"Gauss Mix Indep":0.1848103202},"56.csv":{"Gaussian":0.2929429009,"t_Copula":0.5259188404,"t_Copula_Capped":0.4982329374,"Clayton":-2.098363458,"Frank":-0.2569178836,"Gumbel":0.4114836765,"Plackett":0.4486130979,"Gauss Mix Indep":0.4232494851},"4.csv":{"Gaussian":0.3628899901,"t_Copula":0.6188117621,"t_Copula_Capped":0.6001212463,"Clayton":-3.9598994977,"Frank":-1.3618434922,"Gumbel":0.3889854018,"Plackett":0.3571224833,"Gauss Mix Indep":0.1403045689},"42.csv":{"Gaussian":0.2812034561,"t_Copula":0.4817173789,"t_Copula_Capped":0.4634817681,"Clayton":-1.6657136,"Frank":-0.3672362971,"Gumbel":0.364761592,"Plackett":0.3534380808,"Gauss Mix Indep":0.240769012},"46.csv":{"Gaussian":0.2701469064,"t_Copula":0.4910833402,"t_Copula_Capped":0.469830768,"Clayton":-1.7499940773,"Frank":-0.3954317038,"Gumbel":0.3535078727,"Plackett":0.372482898,"Gauss Mix Indep":0.2590123213},"0.csv":{"Gaussian":0.3456913657,"t_Copula":0.6114654298,"t_Copula_Capped":0.5911623053,"Clayton":-2.60900021,"Frank":-1.0899601343,"Gumbel":0.3194194029,"Plackett":0.3400770537,"Gauss Mix Indep":0.0194525622},"52.csv":{"Gaussian":0.2505176747,"t_Copula":0.5177977031,"t_Copula_Capped":0.4898926082,"Clayton":-2.9630587703,"Frank":-0.4762968122,"Gumbel":0.3739167246,"Plackett":0.4032938599,"Gauss Mix Indep":0.2740181928},"1.csv":{"Gaussian":0.437948882,"t_Copula":0.6393200238,"t_Copula_Capped":0.6275135178,"Clayton":-2.4051879544,"Frank":-0.737490029,"Gumbel":0.4285289011,"Plackett":0.4126508105,"Gauss Mix Indep":0.2969613794},"53.csv":{"Gaussian":0.2598897216,"t_Copula":0.5291552201,"t_Copula_Capped":0.4995654342,"Clayton":-2.975975892,"Frank":-0.4612368054,"Gumbel":0.3913710412,"Plackett":0.4152622154,"Gauss Mix Indep":0.3025818506},"47.csv":{"Gaussian":0.2757291765,"t_Copula":0.5080637005,"t_Copula_Capped":0.4846202453,"Clayton":-2.3183909521,"Frank":-0.4262828448,"Gumbel":0.3687760707,"Plackett":0.3899532304,"Gauss Mix Indep":0.2760482108},"51.csv":{"Gaussian":0.2812901742,"t_Copula":0.5272108856,"t_Copula_Capped":0.5008424418,"Clayton":-2.7515353908,"Frank":-0.3808414934,"Gumbel":0.3915150633,"Plackett":0.4284169131,"Gauss Mix Indep":0.3441891421},"3.csv":{"Gaussian":0.3168797208,"t_Copula":0.6219236531,"t_Copula_Capped":0.5989075525,"Clayton":-4.0285775123,"Frank":-1.3818979153,"Gumbel":0.3231041791,"Plackett":0.3243186511,"Gauss Mix Indep":-0.0292781354},"45.csv":{"Gaussian":0.2698052314,"t_Copula":0.4933148264,"t_Copula_Capped":0.4716375458,"Clayton":-1.7588158724,"Frank":-0.3901731058,"Gumbel":0.3560196317,"Plackett":0.3763253922,"Gauss Mix Indep":0.2646276667},"44.csv":{"Gaussian":0.2871075443,"t_Copula":0.503313281,"t_Copula_Capped":0.4831804725,"Clayton":-1.7658482097,"Frank":-0.3690063037,"Gumbel":0.3702686939,"Plackett":0.3858657068,"Gauss Mix Indep":0.2884366205},"50.csv":{"Gaussian":0.3013187305,"t_Copula":0.5218489837,"t_Copula_Capped":0.4996748417,"Clayton":-2.18866054,"Frank":-0.3286118112,"Gumbel":0.3970136438,"Plackett":0.4201968071,"Gauss Mix Indep":0.3420612385},"2.csv":{"Gaussian":0.4465866535,"t_Copula":0.6424829181,"t_Copula_Capped":0.6315511129,"Clayton":-2.4142993624,"Frank":-0.7321681388,"Gumbel":0.4359154583,"Plackett":0.4131742511,"Gauss Mix Indep":0.3028283548},"37.csv":{"Gaussian":0.3554211319,"t_Copula":0.4855963459,"t_Copula_Capped":0.4797837226,"Clayton":-0.2504457728,"Frank":-0.1604306229,"Gumbel":0.4101451206,"Plackett":0.3728265591,"Gauss Mix Indep":0.3832312729},"23.csv":{"Gaussian":0.4532890945,"t_Copula":0.5421457477,"t_Copula_Capped":0.5394118455,"Clayton":0.0308914771,"Frank":0.0644344735,"Gumbel":0.4757332346,"Plackett":0.4624116715,"Gauss Mix Indep":0.5309695152},"22.csv":{"Gaussian":0.4469222282,"t_Copula":0.5645554766,"t_Copula_Capped":0.5585784453,"Clayton":-0.7499948106,"Frank":-0.1412176227,"Gumbel":0.472254454,"Plackett":0.4304917012,"Gauss Mix Indep":0.4709168104},"36.csv":{"Gaussian":0.3767498726,"t_Copula":0.4795961926,"t_Copula_Capped":0.4762672532,"Clayton":0.2492994772,"Frank":-0.0215867928,"Gumbel":0.4189358693,"Plackett":0.3939460292,"Gauss Mix Indep":0.4371136413},"20.csv":{"Gaussian":0.4672779262,"t_Copula":0.5848202908,"t_Copula_Capped":0.5778151345,"Clayton":-1.217969659,"Frank":-0.1604081862,"Gumbel":0.5041815792,"Plackett":0.4497180859,"Gauss Mix Indep":0.4924935541},"34.csv":{"Gaussian":0.4032809436,"t_Copula":0.4499328808,"t_Copula_Capped":0.4499328808,"Clayton":0.3661543895,"Frank":0.24111201,"Gumbel":0.4302821936,"Plackett":0.4211822737,"Gauss Mix Indep":0.4629685554},"35.csv":{"Gaussian":0.3849594044,"t_Copula":0.4580183402,"t_Copula_Capped":0.4559790254,"Clayton":0.3544364523,"Frank":0.1420805599,"Gumbel":0.4066104478,"Plackett":0.4133599048,"Gauss Mix Indep":0.4630020881},"21.csv":{"Gaussian":0.449728961,"t_Copula":0.5667981056,"t_Copula_Capped":0.5605551784,"Clayton":-0.7678659118,"Frank":-0.1367508477,"Gumbel":0.4781163556,"Plackett":0.434616373,"Gauss Mix Indep":0.4752803074},"25.csv":{"Gaussian":0.4205716751,"t_Copula":0.5085332853,"t_Copula_Capped":0.507345757,"Clayton":-0.1506929826,"Frank":0.0014146942,"Gumbel":0.4512236174,"Plackett":0.4150958359,"Gauss Mix Indep":0.4801123301},"31.csv":{"Gaussian":0.4186584232,"t_Copula":0.4776119123,"t_Copula_Capped":0.4769741789,"Clayton":0.3719791665,"Frank":0.1022981884,"Gumbel":0.4382156683,"Plackett":0.4072907776,"Gauss Mix Indep":0.4666521896},"19.csv":{"Gaussian":0.4280375677,"t_Copula":0.5941055765,"t_Copula_Capped":0.5804936862,"Clayton":-2.7562579247,"Frank":-0.4286037179,"Gumbel":0.4865196079,"Plackett":0.4112198549,"Gauss Mix Indep":0.3986424709},"18.csv":{"Gaussian":0.4627483317,"t_Copula":0.5803242896,"t_Copula_Capped":0.5722224899,"Clayton":-1.6369097603,"Frank":-0.1710793892,"Gumbel":0.5141110225,