{"68.csv":{"Gaussian":1.6347168614,"t_Copula":1.6421727881,"t_Copula_Capped":1.6421727859,"Clayton":-0.3960572379,"Frank":1.4704474495,"Gumbel":1.5214396818,"Plackett":1.610322685,"Gauss Mix Indep":1.6606716109},"6.csv":{"Gaussian":1.3606326014,"t_Copula":1.6564391391,"t_Copula_Capped":1.6564392177,"Clayton":-61.2678337497,"Frank":1.4191706499,"Gumbel":1.2821925955,"Plackett":1.4409201817,"Gauss Mix Indep":1.5327975262},"54.csv":{"Gaussian":1.677541763,"t_Copula":1.7284215552,"t_Copula_Capped":1.7284215332,"Clayton":-13.0252269443,"Frank":1.5228960809,"Gumbel":1.6119826715,"Plackett":1.5624945778,"Gauss Mix Indep":1.7258467487},"40.csv":{"Gaussian":0.922454437,"t_Copula":1.7536160827,"t_Copula_Capped":1.6942427382,"Clayton":-60.9904461623,"Frank":1.5456295197,"Gumbel":0.8600104233,"Plackett":1.1344847936,"Gauss Mix Indep":0.6297424089},"41.csv":{"Gaussian":1.4190259522,"t_Copula":1.7933179001,"t_Copula_Capped":1.7628983807,"Clayton":-15.7359338629,"Frank":1.5829644361,"Gumbel":1.0640937375,"Plackett":1.3186659025,"Gauss Mix Indep":1.1949060704},"7.csv":{"Gaussian":1.4160256535,"t_Copula":1.6690255106,"t_Copula_Capped":1.6688664691,"Clayton":-47.0345944939,"Frank":1.4292054424,"Gumbel":1.3112020967,"Plackett":1.4856844511,"Gauss Mix Indep":1.5787807757},"55.csv":{"Gaussian":1.6331442011,"t_Copula":1.6728948537,"t_Copula_Capped":1.6728950687,"Clayton":-20.1243833712,"Frank":1.5013581789,"Gumbel":1.5725718554,"Plackett":1.5098012841,"Gauss Mix Indep":1.685494007},"69.csv":{"Gaussian":1.6026904545,"t_Copula":1.6133960824,"t_Copula_Capped":1.6133960792,"Clayton":-0.7368749312,"Frank":1.4284675942,"Gumbel":1.4667985181,"Plackett":1.5666131035,"Gauss Mix Indep":1.6381208998},"80.csv":{"Gaussian":1.4716006254,"t_Copula":1.4808285703,"t_Copula_Capped":1.4608680746,"Clayton":-6.218230158,"Frank":1.2524037827,"Gumbel":1.4116308382,"Plackett":1.4052101699,"Gauss Mix Indep":1.5106489232},"43.csv":{"Gaussian":1.3508514019,"t_Copula":1.7814664789,"t_Copula_Capped":1.7484860122,"Clayton":-22.7931088972,"Frank":1.5691387183,"Gumbel":1.0408809756,"Plackett":1.3196706357,"Gauss Mix Indep":1.1490252954},"57.csv":{"Gaussian":1.6284229909,"t_Copula":1.7051956221,"t_Copula_Capped":1.7051956373,"Clayton":-20.8521499301,"Frank":1.4839082452,"Gumbel":1.5804793052,"Plackett":1.5213017758,"Gauss Mix Indep":1.683440755},"5.csv":{"Gaussian":1.2949901233,"t_Copula":1.6313477725,"t_Copula_Capped":1.6313478662,"Clayton":-100.5881273459,"Frank":1.428556643,"Gumbel":1.2566916862,"Plackett":1.4188238172,"Gauss Mix Indep":1.4899448819},"56.csv":{"Gaussian":1.6087672634,"t_Copula":1.6765537546,"t_Copula_Capped":1.6765539459,"Clayton":-20.8371663521,"Frank":1.4853204075,"Gumbel":1.5408418477,"Plackett":1.4932924596,"Gauss Mix Indep":1.6637271155},"4.csv":{"Gaussian":1.2653056882,"t_Copula":1.6486465155,"t_Copula_Capped":1.6415282347,"Clayton":-102.8589628115,"Frank":1.4287636349,"Gumbel":1.2166572077,"Plackett":1.3743770174,"Gauss Mix Indep":1.3783141287},"42.csv":{"Gaussian":1.4297868216,"t_Copula":1.7835319594,"t_Copula_Capped":1.7565381001,"Clayton":-15.3873672272,"Frank":1.599821871,"Gumbel":1.0316125883,"Plackett":1.3324614923,"Gauss Mix Indep":1.1859524046},"46.csv":{"Gaussian":1.5445877256,"t_Copula":1.790562338,"t_Copula_Capped":1.7723118445,"Clayton":-21.4887927059,"Frank":1.5246862139,"Gumbel":1.4338524946,"Plackett":1.4630818611,"Gauss Mix Indep":1.5284333597},"0.csv":{"Gaussian":1.2492029448,"t_Copula":1.5278044219,"t_Copula_Capped":1.5224060165,"Clayton":-29.5516116708,"Frank":1.300965169,"Gumbel":1.2065313384,"Plackett":1.3737069001,"Gauss Mix Indep":1.3941124703},"52.csv":{"Gaussian":1.6224414722,"t_Copula":1.6467376577,"t_Copula_Capped":1.6467376304,"Clayton":-19.6464687481,"Frank":1.4946702536,"Gumbel":1.5548045477,"Plackett":1.4979246876,"Gauss Mix Indep":1.6703117343},"1.csv":{"Gaussian":1.1985064061,"t_Copula":1.5876430646,"t_Copula_Capped":1.5525111788,"Clayton":-41.6203103285,"Frank":1.329100932,"Gumbel":1.1400510621,"Plackett":1.3354545424,"Gauss Mix Indep":1.2671961601},"53.csv":{"Gaussian":1.6697567152,"t_Copula":1.7314698228,"t_Copula_Capped":1.7314698435,"Clayton":-13.200349178,"Frank":1.4948135521,"Gumbel":1.6242884751,"Plackett":1.5448517939,"Gauss Mix Indep":1.71835862},"47.csv":{"Gaussian":1.6373942286,"t_Copula":1.6663293817,"t_Copula_Capped":1.6663293779,"Clayton":-19.0172366811,"Frank":1.5286260345,"Gumbel":1.5802205443,"Plackett":1.5446390314,"Gauss Mix Indep":1.6876809922},"51.csv":{"Gaussian":1.6524104707,"t_Copula":1.6746454072,"t_Copula_Capped":1.6746435492,"Clayton":-19.0281192885,"Frank":1.5192717318,"Gumbel":1.5934932187,"Plackett":1.5347908658,"Gauss Mix Indep":1.7002231625},"3.csv":{"Gaussian":1.3892089734,"t_Copula":1.6512912187,"t_Copula_Capped":1.6494525038,"Clayton":-59.3924540592,"Frank":1.4285666583,"Gumbel":1.3069905283,"Plackett":1.4442363954,"Gauss Mix Indep":1.5010696011},"45.csv":{"Gaussian":1.5978947539,"t_Copula":1.8122504312,"t_Copula_Capped":1.7964881369,"Clayton":-21.6737974561,"Frank":1.5513658798,"Gumbel":1.4832921763,"Plackett":1.4918251504,"Gauss Mix Indep":1.5699517274},"79.csv":{"Gaussian":1.5017331204,"t_Copula":1.5099732734,"t_Copula_Capped":1.5099732725,"Clayton":-2.1694530512,"Frank":1.2747259743,"Gumbel":1.4168738099,"Plackett":1.4500368204,"Gauss Mix Indep":1.5284231099},"78.csv":{"Gaussian":1.4904191344,"t_Copula":1.5004696195,"t_Copula_Capped":1.5004696215,"Clayton":-2.6491479682,"Frank":1.2671784241,"Gumbel":1.3935789025,"Plackett":1.4269625259,"Gauss Mix Indep":1.5197242067},"44.csv":{"Gaussian":1.3384499585,"t_Copula":1.7717121018,"t_Copula_Capped":1.736641273,"Clayton":-22.5779953849,"Frank":1.5558394315,"Gumbel":1.0205563316,"Plackett":1.3097427413,"Gauss Mix Indep":1.1172408812},"50.csv":{"Gaussian":1.6302619547,"t_Copula":1.6572624327,"t_Copula_Capped":1.6572624103,"Clayton":-18.8359613868,"Frank":1.5356771805,"Gumbel":1.540240179,"Plackett":1.5151177118,"Gauss Mix Indep":1.6720151321},"2.csv":{"Gaussian":1.3559161147,"t_Copula":1.5734331312,"t_Copula_Capped":1.5734331264,"Clayton":-38.1917444892,"Frank":1.3814335834,"Gumbel":1.2750445244,"Plackett":1.4273480384,"Gauss Mix Indep":1.4812274844},"37.csv":{"Gaussian":1.4102195323,"t_Copula":1.8022074965,"t_Copula_Capped":1.7806408744,"Clayton":-86.8973046263,"Frank":1.5711846526,"Gumbel":1.4612511621,"Plackett":1.383530762,"Gauss Mix Indep":1.3462425526},"23.csv":{"Gaussian":0.3733295719,"t_Copula":1.6362908191,"t_Copula_Capped":1.5932484016,"Clayton":-199.5895273528,"Frank":1.4881220672,"Gumbel":0.9424704868,"Plackett":1.0597442816,"Gauss Mix Indep":0.4365182762},"22.csv":{"Gaussian":0.3789882174,"t_Copula":1.6281453323,"t_Copula_Capped":1.5850525106,"Clayton":-195.7224760539,"Frank":1.4886901781,"Gumbel":0.9395459455,"Plackett":1.053528682,"Gauss Mix Indep":0.4318828326},"36.csv":{"Gaussian":0.9165454571,"t_Copula":1.7075808877,"t_Copula_Capped":1.6588116624,"Clayton":-297.7761967645,"Frank":1.5610353855,"Gumbel":1.2868868882,"Plackett":1.0672470371,"Gauss Mix Indep":0.5288432811},"20.csv":{"Gaussian":0.8551865729,"t_Copula":1.6521987357,"t_Copula_Capped":1.6322274289,"Clayton":-78.4777925068,"Frank":1.4552759802,"Gumbel":1.0336749954,"Plackett":1.2134501503,"Gauss Mix Indep":0.8929097453},"34.csv":{"Gaussian":1.5494829263,"t_Copula":1.7537909852,"t_Copula_Capped":1.746461738,"Clayton":-34.6261614263,"Frank":1.4931951492,"Gumbel":1.5272653669,"Plackett":1.4757254295,"Gauss Mix Indep":1.6039828852},"35.csv":{"Gaussian":1.6001719379,"t_Copula":1.7807691208,"t_Copula_Capped":1.7773069207,"Clayton":-51.149030946,"Frank":1.5371494428,"Gumbel":1.6058575071,"Plackett":1.5172872444,"Gauss Mix Indep":1.6608219083},"21.csv":{"Gaussian":0.7243301936,"t_Copula":1.6796993125,"t_Copula_Capped":1.6523647554,"Clayton":-118.248645817,"Frank":1.4969481484,"Gumbel":1.0686222487,"Plackett":1.1777996247,"Gauss Mix Indep":0.7893925865},"25.csv":{"Gaussian":1.4056626264,"t_Copula":1.7018918082,"t_Copula_Capped":1.6931995007,"Clayton":-10.6935860689,"Frank":1.4854473355,