{"0.csv":{"Gaussian":1.0721904014,"t_Copula":1.1595084511,"t_Copula_Capped":1.1457450144,"Clayton":0.9789531503,"Frank":1.0009161976,"Gumbel":1.0342200087,"Plackett":1.1287182214,"Gauss Mix Indep":1.1017200873},"1.csv":{"Gaussian":1.0823571815,"t_Copula":1.176481035,"t_Copula_Capped":1.1611406206,"Clayton":1.0073365663,"Frank":1.0059049424,"Gumbel":1.0426524108,"Plackett":1.1379539093,"Gauss Mix Indep":1.1167682359},"10.csv":{"Gaussian":0.9661303964,"t_Copula":1.1025943001,"t_Copula_Capped":1.0800795659,"Clayton":0.8233390067,"Frank":0.9215472082,"Gumbel":1.0121549774,"Plackett":1.0625114409,"Gauss Mix Indep":1.0505215975},"11.csv":{"Gaussian":0.9663484321,"t_Copula":1.1083784887,"t_Copula_Capped":1.0836898713,"Clayton":0.8189112129,"Frank":0.9181662913,"Gumbel":1.021149222,"Plackett":1.0616325469,"Gauss Mix Indep":1.0529148258},"12.csv":{"Gaussian":0.9495061917,"t_Copula":1.0883617126,"t_Copula_Capped":1.0643382535,"Clayton":0.7954392015,"Frank":0.902689029,"Gumbel":1.007174827,"Plackett":1.0424468969,"Gauss Mix Indep":1.0325244636},"13.csv":{"Gaussian":0.9402095375,"t_Copula":1.0682287775,"t_Copula_Capped":1.0469604772,"Clayton":0.7882656298,"Frank":0.890572947,"Gumbel":0.9896273322,"Plackett":1.0239430472,"Gauss Mix Indep":1.015726647},"14.csv":{"Gaussian":0.9408201754,"t_Copula":1.0764569043,"t_Copula_Capped":1.0524394836,"Clayton":0.7959033709,"Frank":0.8868185265,"Gumbel":0.993625144,"Plackett":1.0264682106,"Gauss Mix Indep":1.0193338511},"15.csv":{"Gaussian":0.9254574937,"t_Copula":1.0658657734,"t_Copula_Capped":1.038573041,"Clayton":0.7875470735,"Frank":0.8712917077,"Gumbel":0.980322882,"Plackett":1.0119631879,"Gauss Mix Indep":1.004718035},"16.csv":{"Gaussian":0.9272603979,"t_Copula":1.0598903486,"t_Copula_Capped":1.0358763709,"Clayton":0.7882390991,"Frank":0.8696916854,"Gumbel":0.9778387933,"Plackett":1.0033597086,"Gauss Mix Indep":1.0039858543},"17.csv":{"Gaussian":0.9323450226,"t_Copula":1.0654538671,"t_Copula_Capped":1.0423397821,"Clayton":0.7874271403,"Frank":0.8749508705,"Gumbel":0.9868470798,"Plackett":1.0080051317,"Gauss Mix Indep":1.0118516766},"18.csv":{"Gaussian":0.9398461131,"t_Copula":1.0704883052,"t_Copula_Capped":1.0456470799,"Clayton":0.8046095363,"Frank":0.8745645515,"Gumbel":0.9854367037,"Plackett":1.012082049,"Gauss Mix Indep":1.0121305125},"19.csv":{"Gaussian":0.9406129879,"t_Copula":1.0693856824,"t_Copula_Capped":1.0456786065,"Clayton":0.7990934509,"Frank":0.8755397055,"Gumbel":0.9885214016,"Plackett":1.0099755034,"Gauss Mix Indep":1.0124580244},"2.csv":{"Gaussian":1.0866191546,"t_Copula":1.1875894132,"t_Copula_Capped":1.1723152436,"Clayton":0.9909371639,"Frank":1.0045989479,"Gumbel":1.0653686416,"Plackett":1.1393220616,"Gauss Mix Indep":1.1289430342},"20.csv":{"Gaussian":0.9464779682,"t_Copula":1.0557448484,"t_Copula_Capped":1.0361924806,"Clayton":0.8043589001,"Frank":0.8793940817,"Gumbel":0.9756824616,"Plackett":1.0112508211,"Gauss Mix Indep":1.0043669648},"21.csv":{"Gaussian":0.9331177316,"t_Copula":1.061070565,"t_Copula_Capped":1.03688153,"Clayton":0.8049013437,"Frank":0.8887343334,"Gumbel":0.9653597853,"Plackett":1.0180096878,"Gauss Mix Indep":0.9986776716},"22.csv":{"Gaussian":0.9364831377,"t_Copula":1.0597352975,"t_Copula_Capped":1.0374396154,"Clayton":0.8077539517,"Frank":0.8913316753,"Gumbel":0.9646146635,"Plackett":1.017639997,"Gauss Mix Indep":0.9992640706},"23.csv":{"Gaussian":0.9339315456,"t_Copula":1.0556149442,"t_Copula_Capped":1.0336468797,"Clayton":0.800045375,"Frank":0.8902817898,"Gumbel":0.9631946422,"Plackett":1.0149201211,"Gauss Mix Indep":0.9952172766},"24.csv":{"Gaussian":0.9066927747,"t_Copula":1.0435783118,"t_Copula_Capped":1.0165115001,"Clayton":0.7844587432,"Frank":0.8662070437,"Gumbel":0.9442372971,"Plackett":1.0015532813,"Gauss Mix Indep":0.987709066},"25.csv":{"Gaussian":0.8917963985,"t_Copula":1.0396301765,"t_Copula_Capped":1.0098020013,"Clayton":0.7774219362,"Frank":0.8592289887,"Gumbel":0.934478915,"Plackett":0.999713484,"Gauss Mix Indep":0.9900464098},"26.csv":{"Gaussian":0.900782122,"t_Copula":1.0411925029,"t_Copula_Capped":1.0157443386,"Clayton":0.7863353692,"Frank":0.8642573386,"Gumbel":0.9382737422,"Plackett":1.0067720207,"Gauss Mix Indep":1.0029245754},"27.csv":{"Gaussian":0.9342737111,"t_Copula":1.0781675258,"t_Copula_Capped":1.0520642516,"Clayton":0.7883452496,"Frank":0.8738216077,"Gumbel":1.0039566886,"Plackett":1.0140245037,"Gauss Mix Indep":1.0309535617},"28.csv":{"Gaussian":0.9397030091,"t_Copula":1.0805791899,"t_Copula_Capped":1.0554040601,"Clayton":0.7928700141,"Frank":0.8793671643,"Gumbel":1.0067164982,"Plackett":1.0177593368,"Gauss Mix Indep":1.0336442965},"29.csv":{"Gaussian":0.9325827716,"t_Copula":1.0692592822,"t_Copula_Capped":1.0445015341,"Clayton":0.7815652835,"Frank":0.8698906829,"Gumbel":0.999107679,"Plackett":1.007639041,"Gauss Mix Indep":1.0215528517},"3.csv":{"Gaussian":1.0651659178,"t_Copula":1.1658358037,"t_Copula_Capped":1.1507761026,"Clayton":0.9478663931,"Frank":0.9848866024,"Gumbel":1.0571553799,"Plackett":1.1172339415,"Gauss Mix Indep":1.1079156071},"30.csv":{"Gaussian":0.9405359469,"t_Copula":1.0805877827,"t_Copula_Capped":1.0553301107,"Clayton":0.7880251918,"Frank":0.8826454435,"Gumbel":1.0087850492,"Plackett":1.0231703974,"Gauss Mix Indep":1.035300163},"31.csv":{"Gaussian":0.9466651827,"t_Copula":1.0889269928,"t_Copula_Capped":1.0633274476,"Clayton":0.7986004195,"Frank":0.8908699806,"Gumbel":1.0131076931,"Plackett":1.0329995297,"Gauss Mix Indep":1.0438368694},"32.csv":{"Gaussian":0.95898518,"t_Copula":1.1019118436,"t_Copula_Capped":1.0764120894,"Clayton":0.8035689882,"Frank":0.9037257039,"Gumbel":1.0294311356,"Plackett":1.0443746157,"Gauss Mix Indep":1.0575384862},"33.csv":{"Gaussian":0.9611168726,"t_Copula":1.1043901685,"t_Copula_Capped":1.0786812823,"Clayton":0.8057151229,"Frank":0.9066995166,"Gumbel":1.0314371528,"Plackett":1.0478542661,"Gauss Mix Indep":1.0599400141},"34.csv":{"Gaussian":0.9583103991,"t_Copula":1.1052324542,"t_Copula_Capped":1.0781981449,"Clayton":0.8031009899,"Frank":0.9029373539,"Gumbel":1.0318619269,"Plackett":1.0490701755,"Gauss Mix Indep":1.0591272077},"35.csv":{"Gaussian":0.9519484898,"t_Copula":1.0935653207,"t_Copula_Capped":1.0676972207,"Clayton":0.7929403247,"Frank":0.8933324565,"Gumbel":1.0245862595,"Plackett":1.0355831884,"Gauss Mix Indep":1.0468973677},"36.csv":{"Gaussian":0.9438840553,"t_Copula":1.0903623997,"t_Copula_Capped":1.062301368,"Clayton":0.786317365,"Frank":0.8843417712,"Gumbel":1.0206373513,"Plackett":1.0318200865,"Gauss Mix Indep":1.0421239638},"37.csv":{"Gaussian":0.933320569,"t_Copula":1.0870088949,"t_Copula_Capped":1.0568174871,"Clayton":0.7785022696,"Frank":0.8807724804,"Gumbel":1.014010812,"Plackett":1.0296123912,"Gauss Mix Indep":1.0381590387},"38.csv":{"Gaussian":0.9393063569,"t_Copula":1.0908258548,"t_Copula_Capped":1.0629731385,"Clayton":0.7852119538,"Frank":0.8956295918,"Gumbel":1.0153924462,"Plackett":1.0404572624,"Gauss Mix Indep":1.0477461139},"39.csv":{"Gaussian":0.929479033,"t_Copula":1.0817821654,"t_Copula_Capped":1.0533568013,"Clayton":0.7784313876,"Frank":0.8845531246,"Gumbel":1.0055345245,"Plackett":1.0305872795,"Gauss Mix Indep":1.0389868315},"4.csv":{"Gaussian":1.0637318385,"t_Copula":1.1765772292,"t_Copula_Capped":1.158255706,"Clayton":0.9511671548,"Frank":0.9829390897,"Gumbel":1.0654281804,"Plackett":1.1177415732,"Gauss Mix Indep":1.1081437519},"40.csv":{"Gaussian":0.9303759059,"t_Copula":1.088353761,"t_Copula_Capped":1.0579532354,"Clayton":0.780969572,"Frank":0.8864244426,"Gumbel":1.0090837236,"Plackett":1.0380933005,"Gauss Mix Indep":1.0460968632},"41.csv":{"Gaussian":0.932307275,"t_Copula":1.0986200264,"t_Copula_Capped":1.0668342363,"Clayton":0.7832072557,"Frank":0.8965602932,"Gumbel":1.0168485994,"Plackett":1.0514346413,"Gauss Mix Indep":1.0614337997},"42.csv":{"Gaussian":0.9380266639,"t_Copula":1.11179319,"t_Copula_Capped":1.0792037285,"Clayton":0.7917964322,"Frank":0.9011521124,"Gumbel":1.0294167862,"Plackett":1.0569692821,"Gauss Mix Indep":1.0744813245},