{"83.csv":{"Gaussian":0.2200144398,"t_Copula":1.864647735,"t_Copula_Capped":1.7601780835,"Clayton":-494.7972604699,"Frank":1.5093101123,"Gumbel":1.2067348059,"Plackett":1.4964966415,"Gauss Mix Indep":1.2321717468},"68.csv":{"Gaussian":1.0669741009,"t_Copula":1.9991012828,"t_Copula_Capped":1.9286664912,"Clayton":-308.3643261102,"Frank":1.655132646,"Gumbel":1.5300427997,"Plackett":1.7554773585,"Gauss Mix Indep":1.5523796662},"6.csv":{"Gaussian":1.9003065278,"t_Copula":2.397271563,"t_Copula_Capped":2.3613100566,"Clayton":-200.6842200138,"Frank":2.0852829663,"Gumbel":2.0989667532,"Plackett":2.0048758816,"Gauss Mix Indep":1.9940188096},"54.csv":{"Gaussian":-1.1042493549,"t_Copula":2.3011816569,"t_Copula_Capped":2.1696342491,"Clayton":-529.3830150152,"Frank":1.9342573474,"Gumbel":1.7879514335,"Plackett":1.4259685767,"Gauss Mix Indep":1.8734571124},"40.csv":{"Gaussian":null,"t_Copula":-0.1503466287,"t_Copula_Capped":-3.0187347748,"Clayton":-236.6306700667,"Frank":2.0251276057,"Gumbel":null,"Plackett":null,"Gauss Mix Indep":1.9968721306},"41.csv":{"Gaussian":-0.9744290089,"t_Copula":2.2253764208,"t_Copula_Capped":2.0428563494,"Clayton":-239.7908214294,"Frank":2.0424457454,"Gumbel":null,"Plackett":1.107543469,"Gauss Mix Indep":2.0736504149},"7.csv":{"Gaussian":1.935016955,"t_Copula":2.4316628083,"t_Copula_Capped":2.3947210837,"Clayton":-194.665412533,"Frank":2.092489934,"Gumbel":2.1325247497,"Plackett":2.0598870194,"Gauss Mix Indep":2.0405534299},"55.csv":{"Gaussian":-3.9490144133,"t_Copula":2.1175594021,"t_Copula_Capped":1.8988630326,"Clayton":-523.1377918187,"Frank":1.9003648661,"Gumbel":1.5349656117,"Plackett":0.8743126342,"Gauss Mix Indep":1.7815900877},"69.csv":{"Gaussian":0.7219618336,"t_Copula":1.9766461361,"t_Copula_Capped":1.8914621914,"Clayton":-525.0023695683,"Frank":1.6387528953,"Gumbel":1.4269176765,"Plackett":1.6694544247,"Gauss Mix Indep":0.8751247576},"82.csv":{"Gaussian":-1.0405158724,"t_Copula":1.7931868948,"t_Copula_Capped":1.6421878223,"Clayton":-533.1382329905,"Frank":1.4941613076,"Gumbel":0.9743304335,"Plackett":1.214378381,"Gauss Mix Indep":0.5768904712},"80.csv":{"Gaussian":0.5843958523,"t_Copula":1.8468025275,"t_Copula_Capped":1.7605828764,"Clayton":-554.4187086309,"Frank":1.4788501002,"Gumbel":1.4554913423,"Plackett":1.5680418239,"Gauss Mix Indep":0.5332309202},"43.csv":{"Gaussian":0.6029811266,"t_Copula":2.443034579,"t_Copula_Capped":2.3332657235,"Clayton":-224.7831940715,"Frank":2.0311504874,"Gumbel":0.9606158952,"Plackett":1.6435406926,"Gauss Mix Indep":2.1358927815},"57.csv":{"Gaussian":-4.1925776859,"t_Copula":2.0864894566,"t_Copula_Capped":1.8587894132,"Clayton":-558.1822926559,"Frank":1.8722871179,"Gumbel":1.4638326863,"Plackett":0.8351980455,"Gauss Mix Indep":1.7056259052},"5.csv":{"Gaussian":1.3937900679,"t_Copula":2.3275334903,"t_Copula_Capped":2.2551153478,"Clayton":-198.383602418,"Frank":2.0908800715,"Gumbel":2.0057506919,"Plackett":1.8330503337,"Gauss Mix Indep":2.0316104691},"56.csv":{"Gaussian":-1.4482472909,"t_Copula":2.2191530988,"t_Copula_Capped":2.0675075231,"Clayton":-555.6204575827,"Frank":1.8773762519,"Gumbel":1.6482580738,"Plackett":1.3210970434,"Gauss Mix Indep":1.7097642433},"4.csv":{"Gaussian":1.9622163522,"t_Copula":2.4366717024,"t_Copula_Capped":2.4034889509,"Clayton":-191.1562972889,"Frank":2.0954071164,"Gumbel":2.2476128781,"Plackett":2.0595043439,"Gauss Mix Indep":2.0749079942},"42.csv":{"Gaussian":0.8764951426,"t_Copula":2.4478035004,"t_Copula_Capped":2.3479051005,"Clayton":-230.9572826114,"Frank":2.0507379145,"Gumbel":1.0154931311,"Plackett":1.633789921,"Gauss Mix Indep":2.162906907},"81.csv":{"Gaussian":-0.353722599,"t_Copula":1.8176955619,"t_Copula_Capped":1.6941714013,"Clayton":-544.1267820886,"Frank":1.4870968288,"Gumbel":1.07160043,"Plackett":1.3298194964,"Gauss Mix Indep":0.5489664801},"85.csv":{"Gaussian":0.596751054,"t_Copula":1.8987400468,"t_Copula_Capped":1.8060568311,"Clayton":-530.6447456434,"Frank":1.5170597152,"Gumbel":1.5629978182,"Plackett":1.5973720154,"Gauss Mix Indep":0.690335052},"46.csv":{"Gaussian":1.5228685338,"t_Copula":2.4426536747,"t_Copula_Capped":2.3930031805,"Clayton":-524.1718317899,"Frank":1.9431353719,"Gumbel":2.1739011368,"Plackett":2.1630288286,"Gauss Mix Indep":1.9257557189},"0.csv":{"Gaussian":2.3326471422,"t_Copula":2.5483081776,"t_Copula_Capped":2.5373851209,"Clayton":-180.07317141,"Frank":2.1146032471,"Gumbel":2.3552344778,"Plackett":2.2680763871,"Gauss Mix Indep":2.2029316949},"52.csv":{"Gaussian":-1.1404984283,"t_Copula":2.2905144885,"t_Copula_Capped":2.1539557975,"Clayton":-548.7426480172,"Frank":1.9203796771,"Gumbel":1.9250849059,"Plackett":1.3915845766,"Gauss Mix Indep":1.8320815852},"1.csv":{"Gaussian":2.3292468255,"t_Copula":2.5409068374,"t_Copula_Capped":2.5288183015,"Clayton":-178.2573551681,"Frank":2.1166157543,"Gumbel":2.3621797344,"Plackett":2.2941569046,"Gauss Mix Indep":2.1892458331},"53.csv":{"Gaussian":-1.1765653775,"t_Copula":2.2959095945,"t_Copula_Capped":2.1610236672,"Clayton":-544.1328989674,"Frank":1.9271456445,"Gumbel":1.7850003211,"Plackett":1.4052267121,"Gauss Mix Indep":1.8528454882},"47.csv":{"Gaussian":1.5365739676,"t_Copula":2.4475968102,"t_Copula_Capped":2.3983791355,"Clayton":-524.2107055555,"Frank":1.9458498362,"Gumbel":2.1810803609,"Plackett":2.1666786478,"Gauss Mix Indep":1.9323014618},"84.csv":{"Gaussian":0.5782868687,"t_Copula":1.9035245863,"t_Copula_Capped":1.8103970143,"Clayton":-562.011694868,"Frank":1.5190681336,"Gumbel":1.5671134481,"Plackett":1.6126648297,"Gauss Mix Indep":0.6999666474},"86.csv":{"Gaussian":0.6272983162,"t_Copula":1.9016670285,"t_Copula_Capped":1.809914912,"Clayton":-524.2219713537,"Frank":1.5148862058,"Gumbel":1.5813581237,"Plackett":1.5896186949,"Gauss Mix Indep":0.6752868432},"51.csv":{"Gaussian":0.281653941,"t_Copula":2.384188903,"t_Copula_Capped":2.2955020813,"Clayton":-543.966472374,"Frank":1.9372053076,"Gumbel":2.0516813213,"Plackett":1.7046785832,"Gauss Mix Indep":1.8869953397},"3.csv":{"Gaussian":2.2500843842,"t_Copula":2.4948246205,"t_Copula_Capped":2.4812283937,"Clayton":-186.9320387749,"Frank":2.1018068118,"Gumbel":2.3202331777,"Plackett":2.2176086505,"Gauss Mix Indep":2.1056711013},"45.csv":{"Gaussian":1.500454521,"t_Copula":2.4280964308,"t_Copula_Capped":2.3779156559,"Clayton":-525.4056586035,"Frank":1.9355977222,"Gumbel":2.1574152142,"Plackett":2.128446602,"Gauss Mix Indep":1.8931358234},"79.csv":{"Gaussian":-1.4293266009,"t_Copula":1.7518503207,"t_Copula_Capped":1.592732909,"Clayton":-574.9800340527,"Frank":1.4757474646,"Gumbel":0.9202873126,"Plackett":0.9963055624,"Gauss Mix Indep":0.5101939842},"78.csv":{"Gaussian":-1.4054638483,"t_Copula":1.7718640491,"t_Copula_Capped":1.6145118702,"Clayton":-559.7915709202,"Frank":1.4890085699,"Gumbel":0.9449167299,"Plackett":1.0320962219,"Gauss Mix Indep":0.5629233054},"44.csv":{"Gaussian":1.3400137587,"t_Copula":2.454557784,"t_Copula_Capped":2.3793073038,"Clayton":-220.0372209962,"Frank":2.0098902051,"Gumbel":1.7537713572,"Plackett":1.8296322727,"Gauss Mix Indep":2.013506298},"50.csv":{"Gaussian":0.3671221474,"t_Copula":2.3973679229,"t_Copula_Capped":2.312072216,"Clayton":-522.3872818464,"Frank":1.9476450968,"Gumbel":2.0723953872,"Plackett":1.7223574881,"Gauss Mix Indep":1.9128184393},"2.csv":{"Gaussian":2.2896850877,"t_Copula":2.5126549539,"t_Copula_Capped":2.4999884918,"Clayton":-193.277325498,"Frank":2.1085593359,"Gumbel":2.3407552987,"Plackett":2.2565029128,"Gauss Mix Indep":2.1358315248},"87.csv":{"Gaussian":-0.4081724477,"t_Copula":1.8777285499,"t_Copula_Capped":1.7443662632,"Clayton":-519.0397029336,"Frank":1.5194767576,"Gumbel":1.2814621048,"Plackett":1.3214042237,"Gauss Mix Indep":0.6944989412},"37.csv":{"Gaussian":0.707423028,"t_Copula":2.3628459681,"t_Copula_Capped":2.256279028,"Clayton":-227.8819895614,"Frank":2.0378218208,"Gumbel":2.1684632538,"Plackett":1.5465098695,"Gauss Mix Indep":2.0389788262},"23.csv":{"Gaussian":-4.9551617317,"t_Copula":1.8358383684,"t_Copula_Capped":1.4597776448,"Clayton":-167.1524583232,"Frank":2.0673547827,