{"0.csv":{"Gaussian":0.9406129876,"t_Copula":1.0693294125,"t_Copula_Capped":1.0456255731,"Clayton":0.7990934509,"Frank":0.8755397055,"Gumbel":0.9885214016,"Plackett":1.0099755034,"Gauss Mix Indep":1.0124580244},"1.csv":{"Gaussian":0.946477968,"t_Copula":1.0557448511,"t_Copula_Capped":1.0365588873,"Clayton":0.8043589001,"Frank":0.8793940817,"Gumbel":0.9756824616,"Plackett":1.0112508211,"Gauss Mix Indep":1.0043669648},"10.csv":{"Gaussian":0.9325827716,"t_Copula":1.0693261572,"t_Copula_Capped":1.044553025,"Clayton":0.7815652835,"Frank":0.8698906829,"Gumbel":0.999107679,"Plackett":1.007639041,"Gauss Mix Indep":1.0215528517},"11.csv":{"Gaussian":0.940535947,"t_Copula":1.0806192535,"t_Copula_Capped":1.0552891391,"Clayton":0.7880251918,"Frank":0.8826454435,"Gumbel":1.0087850492,"Plackett":1.0231703974,"Gauss Mix Indep":1.035300163},"12.csv":{"Gaussian":0.9466651826,"t_Copula":1.0889402339,"t_Copula_Capped":1.0632767763,"Clayton":0.7986004195,"Frank":0.8908699806,"Gumbel":1.0131076931,"Plackett":1.0329995297,"Gauss Mix Indep":1.0438368694},"13.csv":{"Gaussian":0.9589851799,"t_Copula":1.1019873324,"t_Copula_Capped":1.0768056733,"Clayton":0.8035689882,"Frank":0.9037257039,"Gumbel":1.0294311356,"Plackett":1.0443746157,"Gauss Mix Indep":1.0575384862},"14.csv":{"Gaussian":0.9611168726,"t_Copula":1.1043941482,"t_Copula_Capped":1.0791663003,"Clayton":0.8057151229,"Frank":0.9066995166,"Gumbel":1.0314371528,"Plackett":1.0478542661,"Gauss Mix Indep":1.0599400141},"15.csv":{"Gaussian":0.9583103992,"t_Copula":1.1052183911,"t_Copula_Capped":1.0784549712,"Clayton":0.8031009899,"Frank":0.9029373539,"Gumbel":1.0318619269,"Plackett":1.0490701755,"Gauss Mix Indep":1.0591272077},"16.csv":{"Gaussian":0.9519484899,"t_Copula":1.0934600183,"t_Copula_Capped":1.0675034658,"Clayton":0.7929403247,"Frank":0.8933324565,"Gumbel":1.0245862595,"Plackett":1.0355831884,"Gauss Mix Indep":1.0468973677},"17.csv":{"Gaussian":0.9438840552,"t_Copula":1.0901973455,"t_Copula_Capped":1.06215056,"Clayton":0.786317365,"Frank":0.8843417712,"Gumbel":1.0206373513,"Plackett":1.0318200865,"Gauss Mix Indep":1.0421239638},"18.csv":{"Gaussian":0.933320569,"t_Copula":1.0870045196,"t_Copula_Capped":1.0568250614,"Clayton":0.7785022696,"Frank":0.8807724804,"Gumbel":1.014010812,"Plackett":1.0296123912,"Gauss Mix Indep":1.0381590387},"19.csv":{"Gaussian":0.9393063569,"t_Copula":1.0908315346,"t_Copula_Capped":1.0629492362,"Clayton":0.7852119538,"Frank":0.8956295918,"Gumbel":1.0153924462,"Plackett":1.0404572624,"Gauss Mix Indep":1.0477461139},"2.csv":{"Gaussian":0.9331177329,"t_Copula":1.0613386157,"t_Copula_Capped":1.0366942465,"Clayton":0.8049013437,"Frank":0.8887343334,"Gumbel":0.9653597853,"Plackett":1.0180096878,"Gauss Mix Indep":0.9986776716},"20.csv":{"Gaussian":0.929479033,"t_Copula":1.0817882477,"t_Copula_Capped":1.053223943,"Clayton":0.7784313876,"Frank":0.8845531246,"Gumbel":1.0055345245,"Plackett":1.0305872795,"Gauss Mix Indep":1.0389868315},"21.csv":{"Gaussian":0.9303759059,"t_Copula":1.088353761,"t_Copula_Capped":1.0576115906,"Clayton":0.780969572,"Frank":0.8864244426,"Gumbel":1.0090837236,"Plackett":1.0380933005,"Gauss Mix Indep":1.0460968632},"22.csv":{"Gaussian":0.9323072749,"t_Copula":1.098782445,"t_Copula_Capped":1.0669979499,"Clayton":0.7832072557,"Frank":0.8965602932,"Gumbel":1.0168485994,"Plackett":1.0514346413,"Gauss Mix Indep":1.0614337997},"23.csv":{"Gaussian":0.9380266639,"t_Copula":1.11179319,"t_Copula_Capped":1.0792037286,"Clayton":0.7917964322,"Frank":0.9011521124,"Gumbel":1.0294167862,"Plackett":1.0569692821,"Gauss Mix Indep":1.0744813245},"24.csv":{"Gaussian":0.9368446965,"t_Copula":1.113737373,"t_Copula_Capped":1.0801793363,"Clayton":0.7921518998,"Frank":0.9002334059,"Gumbel":1.0301393125,"Plackett":1.0585305613,"Gauss Mix Indep":1.0771724229},"25.csv":{"Gaussian":0.9254794527,"t_Copula":1.0931104255,"t_Copula_Capped":1.0608716632,"Clayton":0.7872574074,"Frank":0.8844183679,"Gumbel":1.0086342495,"Plackett":1.0362937708,"Gauss Mix Indep":1.0542831603},"26.csv":{"Gaussian":0.904967626,"t_Copula":1.0651895421,"t_Copula_Capped":1.0364724175,"Clayton":0.7479304369,"Frank":0.8782895809,"Gumbel":0.9919310635,"Plackett":1.0186370716,"Gauss Mix Indep":1.0277749452},"27.csv":{"Gaussian":0.9138766795,"t_Copula":1.067421624,"t_Copula_Capped":1.041500883,"Clayton":0.761721281,"Frank":0.887923512,"Gumbel":0.9907266672,"Plackett":1.0233835971,"Gauss Mix Indep":1.0322719583},"28.csv":{"Gaussian":0.9117773888,"t_Copula":1.0642213583,"t_Copula_Capped":1.038330457,"Clayton":0.7613010613,"Frank":0.8847694581,"Gumbel":0.9859252413,"Plackett":1.0224737666,"Gauss Mix Indep":1.0308158316},"29.csv":{"Gaussian":0.9654743673,"t_Copula":1.1045738706,"t_Copula_Capped":1.0827913778,"Clayton":0.8232290491,"Frank":0.9277948707,"Gumbel":1.0209399714,"Plackett":1.0599313993,"Gauss Mix Indep":1.0653463922},"3.csv":{"Gaussian":0.9364831374,"t_Copula":1.0598441409,"t_Copula_Capped":1.0372997149,"Clayton":0.8077539517,"Frank":0.8913316753,"Gumbel":0.9646146635,"Plackett":1.017639997,"Gauss Mix Indep":0.9992640706},"30.csv":{"Gaussian":0.9734568862,"t_Copula":1.1156035267,"t_Copula_Capped":1.0927399206,"Clayton":0.8305885338,"Frank":0.9342900636,"Gumbel":1.0309926134,"Plackett":1.0689128234,"Gauss Mix Indep":1.0742008095},"31.csv":{"Gaussian":0.9812992413,"t_Copula":1.1128524313,"t_Copula_Capped":1.0941545468,"Clayton":0.8299535893,"Frank":0.9449335745,"Gumbel":1.0333420814,"Plackett":1.0771899319,"Gauss Mix Indep":1.0767979852},"32.csv":{"Gaussian":0.9696390158,"t_Copula":1.0856742615,"t_Copula_Capped":1.0695339775,"Clayton":0.8142795241,"Frank":0.9174983776,"Gumbel":1.013670102,"Plackett":1.0497292362,"Gauss Mix Indep":1.0498511706},"33.csv":{"Gaussian":0.9652897513,"t_Copula":1.0845448384,"t_Copula_Capped":1.0670017377,"Clayton":0.812507065,"Frank":0.9128299198,"Gumbel":1.0107220122,"Plackett":1.048835977,"Gauss Mix Indep":1.0481645402},"34.csv":{"Gaussian":0.9519633421,"t_Copula":1.0715902141,"t_Copula_Capped":1.0538620809,"Clayton":0.8057724536,"Frank":0.8976176399,"Gumbel":0.9958869493,"Plackett":1.0341376769,"Gauss Mix Indep":1.0357778384},"35.csv":{"Gaussian":0.9389557248,"t_Copula":1.0612145561,"t_Copula_Capped":1.0425032819,"Clayton":0.8004340316,"Frank":0.884287881,"Gumbel":0.9827871834,"Plackett":1.0216527752,"Gauss Mix Indep":1.0261315704},"36.csv":{"Gaussian":0.9413930926,"t_Copula":1.0686384437,"t_Copula_Capped":1.0488621486,"Clayton":0.802694497,"Frank":0.890454212,"Gumbel":0.9885287596,"Plackett":1.0317028784,"Gauss Mix Indep":1.0352539209},"37.csv":{"Gaussian":0.9366019592,"t_Copula":1.059877704,"t_Copula_Capped":1.0415625326,"Clayton":0.8002577471,"Frank":0.8852374856,"Gumbel":0.9798356724,"Plackett":1.0230037007,"Gauss Mix Indep":1.0277383803},"38.csv":{"Gaussian":0.9335891792,"t_Copula":1.0568694513,"t_Copula_Capped":1.0384883594,"Clayton":0.7960166649,"Frank":0.882589744,"Gumbel":0.9778677969,"Plackett":1.0204713795,"Gauss Mix Indep":1.0253873947},"39.csv":{"Gaussian":0.934371297,"t_Copula":1.0514860687,"t_Copula_Capped":1.0351322831,"Clayton":0.7933720845,"Frank":0.8813491117,"Gumbel":0.9762334778,"Plackett":1.0128043237,"Gauss Mix Indep":1.0213661971},"4.csv":{"Gaussian":0.9339315453,"t_Copula":1.0558900599,"t_Copula_Capped":1.0336044008,"Clayton":0.800045375,"Frank":0.8902817898,"Gumbel":0.9631946422,"Plackett":1.0149201211,"Gauss Mix Indep":0.9952172766},"40.csv":{"Gaussian":0.9285997918,"t_Copula":1.0445807683,"t_Copula_Capped":1.0286243582,"Clayton":0.7886891135,"Frank":0.8755728751,"Gumbel":0.9696385683,"Plackett":1.0055207693,"Gauss Mix Indep":1.0159373569},"41.csv":{"Gaussian":0.9166062173,"t_Copula":1.028432537,"t_Copula_Capped":1.0131966562,"Clayton":0.7752776604,"Frank":0.858608025,"Gumbel":0.9574493935,"Plackett":0.9861681338,"Gauss Mix Indep":0.9989486536},"42.csv":{"Gaussian":0.9292702602,"t_Copula":1.0434035971,"t_Copula_Capped":1.0276817238,"Clayton":0.7909282142,"Frank":0.8727155447,"Gumbel":0.9682557607,"Plackett":1.0032472002,"Gauss Mix Indep":1.0138836681},