{"0.csv":{"Gaussian":{"rho":0.9219779062},"t_Copula":{"rho":0.934970284,"nu":2.0},"t_Copula_Capped":{"rho":0.9417497984,"nu":4.0},"Clayton":{"theta":4.2182367528},"Frank":{"theta":14.2799370722},"Gumbel":{"theta":4.0986993783},"Plackett":{"theta":87.8378501449},"Gauss Mix Indep":{"rho":0.9573580714,"p":0.9113239371}},"1.csv":{"Gaussian":{"rho":0.9229568246},"t_Copula":{"rho":0.9331719186,"nu":2.0},"t_Copula_Capped":{"rho":0.9400835393,"nu":4.0},"Clayton":{"theta":4.2368221283},"Frank":{"theta":14.3680806855},"Gumbel":{"theta":4.0441075344},"Plackett":{"theta":87.8393342079},"Gauss Mix Indep":{"rho":0.955635781,"p":0.9151885611}},"10.csv":{"Gaussian":{"rho":0.918691947},"t_Copula":{"rho":0.9332390453,"nu":2.0},"t_Copula_Capped":{"rho":0.9396774528,"nu":4.0},"Clayton":{"theta":4.121983115},"Frank":{"theta":14.2804387477},"Gumbel":{"theta":4.1347379199},"Plackett":{"theta":87.1447071972},"Gauss Mix Indep":{"rho":0.9663912266,"p":0.8759155974}},"11.csv":{"Gaussian":{"rho":0.920032835},"t_Copula":{"rho":0.9338875932,"nu":2.0},"t_Copula_Capped":{"rho":0.9396774528,"nu":4.0},"Clayton":{"theta":4.1697098944},"Frank":{"theta":14.554785407},"Gumbel":{"theta":4.1828757829},"Plackett":{"theta":90.9775070655},"Gauss Mix Indep":{"rho":0.9675183158,"p":0.8771564429}},"12.csv":{"Gaussian":{"rho":0.9210499741},"t_Copula":{"rho":0.9367562283,"nu":2.0},"t_Copula_Capped":{"rho":0.943093096,"nu":4.0},"Clayton":{"theta":4.2487669904},"Frank":{"theta":14.722521252},"Gumbel":{"theta":4.2053862155},"Plackett":{"theta":93.3307308988},"Gauss Mix Indep":{"rho":0.9681020677,"p":0.8779723187}},"13.csv":{"Gaussian":{"rho":0.9230540685},"t_Copula":{"rho":0.9367562283,"nu":2.0},"t_Copula_Capped":{"rho":0.943093096,"nu":4.0},"Clayton":{"theta":4.2834967478},"Frank":{"theta":14.9596896913},"Gumbel":{"theta":4.2741325501},"Plackett":{"theta":95.1612710712},"Gauss Mix Indep":{"rho":0.9692233089,"p":0.8783902415}},"14.csv":{"Gaussian":{"rho":0.9233955892},"t_Copula":{"rho":0.9373308669,"nu":2.0},"t_Copula_Capped":{"rho":0.9440998868,"nu":4.0},"Clayton":{"theta":4.2970043896},"Frank":{"theta":15.0230407097},"Gumbel":{"theta":4.2849215989},"Plackett":{"theta":96.2331332384},"Gauss Mix Indep":{"rho":0.9692185142,"p":0.8795261768}},"15.csv":{"Gaussian":{"rho":0.9229459037},"t_Copula":{"rho":0.9373308669,"nu":2.0},"t_Copula_Capped":{"rho":0.9440998868,"nu":4.0},"Clayton":{"theta":4.2777887803},"Frank":{"theta":14.9667133523},"Gumbel":{"theta":4.2932849649},"Plackett":{"theta":97.9049740963},"Gauss Mix Indep":{"rho":0.9700136536,"p":0.8743940022}},"16.csv":{"Gaussian":{"rho":0.9219176369},"t_Copula":{"rho":0.9338919162,"nu":2.0},"t_Copula_Capped":{"rho":0.9400127301,"nu":4.0},"Clayton":{"theta":4.197392466},"Frank":{"theta":14.7580322765},"Gumbel":{"theta":4.256141713},"Plackett":{"theta":94.1649470144},"Gauss Mix Indep":{"rho":0.9691405352,"p":0.8737504438}},"17.csv":{"Gaussian":{"rho":0.9205917853},"t_Copula":{"rho":0.9338919162,"nu":2.0},"t_Copula_Capped":{"rho":0.9400127301,"nu":4.0},"Clayton":{"theta":4.1497433993},"Frank":{"theta":14.6068036805},"Gumbel":{"theta":4.2469114244},"Plackett":{"theta":94.7996724378},"Gauss Mix Indep":{"rho":0.9702661989,"p":0.8648713965}},"18.csv":{"Gaussian":{"rho":0.9188187957},"t_Copula":{"rho":0.9372534975,"nu":2.0},"t_Copula_Capped":{"rho":0.9418650666,"nu":4.0},"Clayton":{"theta":4.1172334706},"Frank":{"theta":14.5689746947},"Gumbel":{"theta":4.2229738742},"Plackett":{"theta":95.0688144452},"Gauss Mix Indep":{"rho":0.970828087,"p":0.8602510151}},"19.csv":{"Gaussian":{"rho":0.9198276922},"t_Copula":{"rho":0.9372534975,"nu":2.0},"t_Copula_Capped":{"rho":0.9418650666,"nu":4.0},"Clayton":{"theta":4.1675536294},"Frank":{"theta":14.8672798965},"Gumbel":{"theta":4.232172181},"Plackett":{"theta":95.7659509977},"Gauss Mix Indep":{"rho":0.9703723718,"p":0.8688525115}},"2.csv":{"Gaussian":{"rho":0.9250267443},"t_Copula":{"rho":0.9362769246,"nu":2.0},"t_Copula_Capped":{"rho":0.9423703551,"nu":4.0},"Clayton":{"theta":4.2405948721},"Frank":{"theta":14.5435823495},"Gumbel":{"theta":4.0351704191},"Plackett":{"theta":88.6734432542},"Gauss Mix Indep":{"rho":0.9630280174,"p":0.8848339222}},"20.csv":{"Gaussian":{"rho":0.9181632936},"t_Copula":{"rho":0.9353690199,"nu":2.0},"t_Copula_Capped":{"rho":0.9395966071,"nu":4.0},"Clayton":{"theta":4.1225656509},"Frank":{"theta":14.6625608961},"Gumbel":{"theta":4.188536089},"Plackett":{"theta":93.7707168515},"Gauss Mix Indep":{"rho":0.9707916342,"p":0.8622586668}},"21.csv":{"Gaussian":{"rho":0.9183172958},"t_Copula":{"rho":0.9368569604,"nu":2.0},"t_Copula_Capped":{"rho":0.9395966071,"nu":4.0},"Clayton":{"theta":4.1489243255},"Frank":{"theta":14.7227487291},"Gumbel":{"theta":4.2105422847},"Plackett":{"theta":96.4759420273},"Gauss Mix Indep":{"rho":0.9723295167,"p":0.8565716714}},"22.csv":{"Gaussian":{"rho":0.9186465674},"t_Copula":{"rho":0.9387440342,"nu":2.0},"t_Copula_Capped":{"rho":0.9437932347,"nu":4.0},"Clayton":{"theta":4.1759492167},"Frank":{"theta":14.9636693272},"Gumbel":{"theta":4.2557426235},"Plackett":{"theta":99.6737940678},"Gauss Mix Indep":{"rho":0.9733040695,"p":0.8586086506}},"23.csv":{"Gaussian":{"rho":0.9196127678},"t_Copula":{"rho":0.9399251046,"nu":2.0},"t_Copula_Capped":{"rho":0.9451756937,"nu":4.0},"Clayton":{"theta":4.2255460158},"Frank":{"theta":15.0339250721},"Gumbel":{"theta":4.3136066869},"Plackett":{"theta":100.1108747154},"Gauss Mix Indep":{"rho":0.9724284477,"p":0.8690666746}},"24.csv":{"Gaussian":{"rho":0.9194145665},"t_Copula":{"rho":0.9403712957,"nu":2.0},"t_Copula_Capped":{"rho":0.9453996396,"nu":4.0},"Clayton":{"theta":4.2271726381},"Frank":{"theta":15.0262992106},"Gumbel":{"theta":4.3221695156},"Plackett":{"theta":100.7372637862},"Gauss Mix Indep":{"rho":0.9732899549,"p":0.8650669757}},"25.csv":{"Gaussian":{"rho":0.9174768994},"t_Copula":{"rho":0.9372534975,"nu":2.0},"t_Copula_Capped":{"rho":0.9395966071,"nu":4.0},"Clayton":{"theta":4.188714834},"Frank":{"theta":14.6815469755},"Gumbel":{"theta":4.2175469111},"Plackett":{"theta":94.4352528431},"Gauss Mix Indep":{"rho":0.971282284,"p":0.8665303394}},"26.csv":{"Gaussian":{"rho":0.9138546506},"t_Copula":{"rho":0.9337144621,"nu":2.0},"t_Copula_Capped":{"rho":0.9415596442,"nu":4.0},"Clayton":{"theta":3.9553230061},"Frank":{"theta":14.5539209735},"Gumbel":{"theta":4.1387628834},"Plackett":{"theta":89.586361873},"Gauss Mix Indep":{"rho":0.9687824395,"p":0.8698286384}},"27.csv":{"Gaussian":{"rho":0.915449017},"t_Copula":{"rho":0.9337144621,"nu":2.0},"t_Copula_Capped":{"rho":0.9400127301,"nu":4.0},"Clayton":{"theta":4.0442133788},"Frank":{"theta":14.7283901985},"Gumbel":{"theta":4.1258729627},"Plackett":{"theta":89.1654518289},"Gauss Mix Indep":{"rho":0.9679119725,"p":0.8769506953}},"28.csv":{"Gaussian":{"rho":0.9150770315},"t_Copula":{"rho":0.9332390453,"nu":2.0},"t_Copula_Capped":{"rho":0.9396774528,"nu":4.0},"Clayton":{"theta":4.0475939901},"Frank":{"theta":14.6844017271},"Gumbel":{"theta":4.1028124003},"Plackett":{"theta":89.4035585123},"Gauss Mix Indep":{"rho":0.9687594656,"p":0.8719460016}},"29.csv":{"Gaussian":{"rho":0.9240909601},"t_Copula":{"rho":0.9373308669,"nu":2.0},"t_Copula_Capped":{"rho":0.9440998868,"nu":4.0},"Clayton":{"theta":4.4171614219},"Frank":{"theta":15.4540343981},"Gumbel":{"theta":4.2497217364},"Plackett":{"theta":95.068944791},"Gauss Mix Indep":{"rho":0.9686048654,"p":0.8871058837}},"3.csv":{"Gaussian":{"rho":0.9256007429},"t_Copula":{"rho":0.9354683045,"nu":2.0},"t_Copula_Capped":{"rho":0.9421155319,"nu":4.0},"Clayton":{"theta":4.2635054156},"Frank":{"theta":14.575993202},"Gumbel":{"theta":4.0221540564},"Plackett":{"theta":87.7126556813},"Gauss Mix Indep":{"rho":0.9614999606,"p":0.8922301616}},"30.csv":{"Gaussian":{"rho":0.9253425039},"t_Copula":{"rho":0.9389507422,"nu":2.0},"t_Copula_Capped":{"rho":0.9453996396,"nu":4.0},"Clayton":{"theta":4.474844545},"Frank":{"theta":15.5736153992},"Gumbel":{"theta":4.2963563698},"Plackett":{"theta":97.6661038559},"Gauss Mix Indep":{"rho":0.9698456305,"p":0.8839082193}},