{"["0.csv","Var"]":{"Gaussian":0.6706054687,"t_Copula":0.6794921875,"t_Copula_Capped":0.718359375,"Clayton":0.576171875,"Frank":0.544140625,"Gumbel":0.6734375,"Plackett":0.608984375,"Gauss Mix Indep":0.620703125},"["0.csv","ERM k=10"]":{"Gaussian":0.6282226562,"t_Copula":0.729296875,"t_Copula_Capped":0.6967773437,"Clayton":0.5022460937,"Frank":0.4954101562,"Gumbel":0.7219726562,"Plackett":0.567578125,"Gauss Mix Indep":0.6072265625},"["0.csv","ERM k=20"]":{"Gaussian":0.6760742187,"t_Copula":0.728515625,"t_Copula_Capped":0.7204101562,"Clayton":0.5120117187,"Frank":0.5220703125,"Gumbel":0.7883789062,"Plackett":0.5780273437,"Gauss Mix Indep":0.5926757812},"["0.csv","ES q=0.01"]":{"Gaussian":0.5239257812,"t_Copula":0.6751953125,"t_Copula_Capped":0.6559570312,"Clayton":0.4908203125,"Frank":0.4750976562,"Gumbel":0.628125,"Plackett":0.6021484375,"Gauss Mix Indep":0.64609375},"["0.csv","ES q=0.05"]":{"Gaussian":0.5454101562,"t_Copula":0.7162109375,"t_Copula_Capped":0.5984375,"Clayton":0.3744140625,"Frank":0.38046875,"Gumbel":0.5486328125,"Plackett":0.4283203125,"Gauss Mix Indep":0.478125},"["0.csv","ES q=0.10"]":{"Gaussian":0.3462890625,"t_Copula":0.5302734375,"t_Copula_Capped":0.2790039062,"Clayton":0.0,"Frank":0.2744140625,"Gumbel":0.2729492187,"Plackett":0.2634765625,"Gauss Mix Indep":0.2380859375},"["1.csv","Var"]":{"Gaussian":0.654296875,"t_Copula":0.6676757812,"t_Copula_Capped":0.7059570312,"Clayton":0.5778320312,"Frank":0.5361328125,"Gumbel":0.6463867187,"Plackett":0.6010742187,"Gauss Mix Indep":0.6002929687},"["1.csv","ERM k=10"]":{"Gaussian":0.6512695312,"t_Copula":0.7301757812,"t_Copula_Capped":0.716796875,"Clayton":0.52578125,"Frank":0.5263671875,"Gumbel":0.7390625,"Plackett":0.59609375,"Gauss Mix Indep":0.6234375},"["1.csv","ERM k=20"]":{"Gaussian":0.6935546875,"t_Copula":0.7241210937,"t_Copula_Capped":0.7313476562,"Clayton":0.5291015625,"Frank":0.5556640625,"Gumbel":0.8006835937,"Plackett":0.6046875,"Gauss Mix Indep":0.5954101562},"["1.csv","ES q=0.01"]":{"Gaussian":0.5384765625,"t_Copula":0.665625,"t_Copula_Capped":0.6729492187,"Clayton":0.5244140625,"Frank":0.478125,"Gumbel":0.6459960937,"Plackett":0.61171875,"Gauss Mix Indep":0.659375},"["1.csv","ES q=0.05"]":{"Gaussian":0.5720703125,"t_Copula":0.7186523437,"t_Copula_Capped":0.6241210937,"Clayton":0.54609375,"Frank":0.424609375,"Gumbel":0.542578125,"Plackett":0.4875976562,"Gauss Mix Indep":0.5388671875},"["1.csv","ES q=0.10"]":{"Gaussian":0.4942382812,"t_Copula":0.5490234375,"t_Copula_Capped":0.4962890625,"Clayton":0.2380859375,"Frank":0.353125,"Gumbel":0.4924804687,"Plackett":0.3568359375,"Gauss Mix Indep":0.2818359375},"["2.csv","Var"]":{"Gaussian":0.6529296875,"t_Copula":0.6733398437,"t_Copula_Capped":0.708984375,"Clayton":0.5771484375,"Frank":0.5362304687,"Gumbel":0.6521484375,"Plackett":0.6100585937,"Gauss Mix Indep":0.5977539062},"["2.csv","ERM k=10"]":{"Gaussian":0.65,"t_Copula":0.7356445312,"t_Copula_Capped":0.720703125,"Clayton":0.5275390625,"Frank":0.5270507812,"Gumbel":0.7474609375,"Plackett":0.6091796875,"Gauss Mix Indep":0.6233398437},"["2.csv","ERM k=20"]":{"Gaussian":0.6907226562,"t_Copula":0.7264648437,"t_Copula_Capped":0.7336914062,"Clayton":0.5274414062,"Frank":0.555859375,"Gumbel":0.8078125,"Plackett":0.6162109375,"Gauss Mix Indep":0.5865234375},"["2.csv","ES q=0.01"]":{"Gaussian":0.525,"t_Copula":0.680859375,"t_Copula_Capped":0.6672851562,"Clayton":0.5091796875,"Frank":0.47734375,"Gumbel":0.6322265625,"Plackett":0.625,"Gauss Mix Indep":0.6806640625},"["2.csv","ES q=0.05"]":{"Gaussian":0.593359375,"t_Copula":0.7120117187,"t_Copula_Capped":0.6686523437,"Clayton":0.6171875,"Frank":0.43203125,"Gumbel":0.58203125,"Plackett":0.5377929687,"Gauss Mix Indep":0.568359375},"["2.csv","ES q=0.10"]":{"Gaussian":0.5360351562,"t_Copula":0.552734375,"t_Copula_Capped":0.5030273437,"Clayton":0.4220703125,"Frank":0.413671875,"Gumbel":0.4888671875,"Plackett":0.391015625,"Gauss Mix Indep":0.2998046875},"["3.csv","Var"]":{"Gaussian":0.6536132812,"t_Copula":0.6723632812,"t_Copula_Capped":0.7084960937,"Clayton":0.5844726562,"Frank":0.534765625,"Gumbel":0.6497070312,"Plackett":0.6079101562,"Gauss Mix Indep":0.5922851562},"["3.csv","ERM k=10"]":{"Gaussian":0.655859375,"t_Copula":0.7392578125,"t_Copula_Capped":0.72421875,"Clayton":0.536328125,"Frank":0.5305664062,"Gumbel":0.7481445312,"Plackett":0.6122070312,"Gauss Mix Indep":0.6259765625},"["3.csv","ERM k=20"]":{"Gaussian":0.6963867187,"t_Copula":0.7295898437,"t_Copula_Capped":0.7364257812,"Clayton":0.5350585937,"Frank":0.5590820312,"Gumbel":0.809375,"Plackett":0.619140625,"Gauss Mix Indep":0.5897460937},"["3.csv","ES q=0.01"]":{"Gaussian":0.5333984375,"t_Copula":0.6974609375,"t_Copula_Capped":0.6743164062,"Clayton":0.5319335937,"Frank":0.475,"Gumbel":0.6427734375,"Plackett":0.628125,"Gauss Mix Indep":0.68125},"["3.csv","ES q=0.05"]":{"Gaussian":0.5817382812,"t_Copula":0.714453125,"t_Copula_Capped":0.654296875,"Clayton":0.6225585937,"Frank":0.4411132812,"Gumbel":0.5624023437,"Plackett":0.5171875,"Gauss Mix Indep":0.5532226562},"["3.csv","ES q=0.10"]":{"Gaussian":0.5389648437,"t_Copula":0.5575195312,"t_Copula_Capped":0.500390625,"Clayton":0.4248046875,"Frank":0.394140625,"Gumbel":0.489453125,"Plackett":0.4125,"Gauss Mix Indep":0.3233398437},"["4.csv","Var"]":{"Gaussian":0.6614257812,"t_Copula":0.6779296875,"t_Copula_Capped":0.711328125,"Clayton":0.5926757812,"Frank":0.5502929687,"Gumbel":0.6537109375,"Plackett":0.6193359375,"Gauss Mix Indep":0.597265625},"["4.csv","ERM k=10"]":{"Gaussian":0.673046875,"t_Copula":0.7448242187,"t_Copula_Capped":0.7302734375,"Clayton":0.5467773437,"Frank":0.5557617187,"Gumbel":0.7599609375,"Plackett":0.6291992187,"Gauss Mix Indep":0.6362304687},"["4.csv","ERM k=20"]":{"Gaussian":0.7079101562,"t_Copula":0.7319335937,"t_Copula_Capped":0.7375,"Clayton":0.540234375,"Frank":0.5794921875,"Gumbel":0.8140625,"Plackett":0.6311523437,"Gauss Mix Indep":0.58984375},"["4.csv","ES q=0.01"]":{"Gaussian":0.5528320312,"t_Copula":0.72578125,"t_Copula_Capped":0.68828125,"Clayton":0.5538085937,"Frank":0.5001953125,"Gumbel":0.6451171875,"Plackett":0.65234375,"Gauss Mix Indep":0.7078125},"["4.csv","ES q=0.05"]":{"Gaussian":0.62421875,"t_Copula":0.7203125,"t_Copula_Capped":0.7060546875,"Clayton":0.7013671875,"Frank":0.4775390625,"Gumbel":0.591015625,"Plackett":0.5559570312,"Gauss Mix Indep":0.588671875},"["4.csv","ES q=0.10"]":{"Gaussian":0.6459960937,"t_Copula":0.625,"t_Copula_Capped":0.5359375,"Clayton":0.7859375,"Frank":0.466796875,"Gumbel":0.5001953125,"Plackett":0.4932617187,"Gauss Mix Indep":0.476171875},"["5.csv","Var"]":{"Gaussian":0.6522460937,"t_Copula":0.6651367187,"t_Copula_Capped":0.7037109375,"Clayton":0.5842773437,"Frank":0.5372070312,"Gumbel":0.648046875,"Plackett":0.6107421875,"Gauss Mix Indep":0.5790039062},"["5.csv","ERM k=10"]":{"Gaussian":0.6654296875,"t_Copula":0.7318359375,"t_Copula_Capped":0.7237304687,"Clayton":0.5393554687,"Frank":0.5473632812,"Gumbel":0.7598632812,"Plackett":0.6260742187,"Gauss Mix Indep":0.6151367187},"["5.csv","ERM k=20"]":{"Gaussian":0.7009765625,"t_Copula":0.7192382812,"t_Copula_Capped":0.73125,"Clayton":0.5323242187,"Frank":0.5743164062,"Gumbel":0.81640625,"Plackett":0.628515625,"Gauss Mix Indep":0.5640625},"["5.csv","ES q=0.01"]":{"Gaussian":0.537890625,"t_Copula":0.691796875,"t_Copula_Capped":0.6780273437,"Clayton":0.549609375,"Frank":0.4834960937,"Gumbel":0.638671875,"Plackett":0.6484375,"Gauss Mix Indep":0.6939453125},"["5.csv","ES q=0.05"]":{"Gaussian":0.6185546875,"t_Copula":0.7095703125,"t_Copula_Capped":0.701171875,"Clayton":0.7078125,"Frank":0.48359375,"Gumbel":0.5940429687,"Plackett":0.5673828125,"Gauss Mix Indep":0.5896484375},"["5.csv","ES q=0.10"]":{"Gaussian":0.6557617187,"t_Copula":0.65546875,"t_Copula_Capped":0.6015625,"Clayton":0.85625,"Frank":0.4935546875,"Gumbel":0.5169921875,"Plackett":0.51640625,"Gauss Mix Indep":0.48984375},"["6.csv","Var"]":{"Gaussian":0.6659179687,"t_Copula":0.6809570312,"t_Copula_Capped":0.7185546875,"Clayton":0.5951171875,"Frank":0.5452148437,