{"0.csv":{"Gaussian":0.4792188237,"t_Copula":0.5800560871,"t_Copula_Capped":0.5744529693,"Clayton":-0.5313524873,"Frank":-0.0125317152,"Gumbel":0.4531905683,"Plackett":0.4831119379,"Gauss Mix Indep":0.5196325719},"1.csv":{"Gaussian":0.4213361237,"t_Copula":0.49373503,"t_Copula_Capped":0.4924015312,"Clayton":0.330448538,"Frank":0.1059969385,"Gumbel":0.4139734594,"Plackett":0.4323390398,"Gauss Mix Indep":0.4761412826},"10.csv":{"Gaussian":0.2183361466,"t_Copula":0.4972734173,"t_Copula_Capped":0.4648233884,"Clayton":-3.695685941,"Frank":-0.4042077295,"Gumbel":0.4139810605,"Plackett":0.4028709103,"Gauss Mix Indep":0.352163257},"11.csv":{"Gaussian":0.2433625251,"t_Copula":0.5453374924,"t_Copula_Capped":0.5103636956,"Clayton":-3.6213888301,"Frank":-0.4527396576,"Gumbel":0.4322843755,"Plackett":0.4442037537,"Gauss Mix Indep":0.3627407875},"12.csv":{"Gaussian":0.1349506139,"t_Copula":0.508462071,"t_Copula_Capped":0.4613081818,"Clayton":-2.6925339517,"Frank":-0.7415255951,"Gumbel":0.3268122538,"Plackett":0.3727134395,"Gauss Mix Indep":-0.0412930236},"13.csv":{"Gaussian":0.3023928097,"t_Copula":0.5515422738,"t_Copula_Capped":0.5142237117,"Clayton":-1.3801642422,"Frank":-0.3532813094,"Gumbel":0.4198639128,"Plackett":0.4398264277,"Gauss Mix Indep":0.5133116814},"14.csv":{"Gaussian":0.3509371778,"t_Copula":0.4807233968,"t_Copula_Capped":0.4740776635,"Clayton":-1.0708340632,"Frank":-0.1307242032,"Gumbel":0.4035620726,"Plackett":0.4261790824,"Gauss Mix Indep":0.4775390971},"2.csv":{"Gaussian":0.4068619901,"t_Copula":0.4547264574,"t_Copula_Capped":0.4545402689,"Clayton":0.3778505374,"Frank":0.1881047539,"Gumbel":0.3904675094,"Plackett":0.4131760999,"Gauss Mix Indep":0.4405361665},"3.csv":{"Gaussian":0.3592315892,"t_Copula":0.4716508787,"t_Copula_Capped":0.4690953066,"Clayton":0.1890562546,"Frank":-0.0475562456,"Gumbel":0.3689953451,"Plackett":0.3952697663,"Gauss Mix Indep":0.3969754996},"4.csv":{"Gaussian":0.2809138069,"t_Copula":0.4961520888,"t_Copula_Capped":0.4780290492,"Clayton":-2.809869439,"Frank":-0.3709267473,"Gumbel":0.3440384235,"Plackett":0.3749654398,"Gauss Mix Indep":0.2708630584},"5.csv":{"Gaussian":0.3192298891,"t_Copula":0.5183156236,"t_Copula_Capped":0.500677813,"Clayton":-2.1168794509,"Frank":-0.2437622049,"Gumbel":0.3784084956,"Plackett":0.4286560699,"Gauss Mix Indep":0.3989512025},"6.csv":{"Gaussian":0.3083124018,"t_Copula":0.5224321946,"t_Copula_Capped":0.4997729405,"Clayton":-2.016930974,"Frank":-0.1927380534,"Gumbel":0.3896067049,"Plackett":0.4494303468,"Gauss Mix Indep":0.4283728271},"7.csv":{"Gaussian":0.2705666533,"t_Copula":0.4353701224,"t_Copula_Capped":0.4224309349,"Clayton":-0.7659192434,"Frank":-0.1728014923,"Gumbel":0.3549252212,"Plackett":0.3668338223,"Gauss Mix Indep":0.3271295317},"8.csv":{"Gaussian":0.1745912766,"t_Copula":0.4283287032,"t_Copula_Capped":0.4019720384,"Clayton":-3.6977592527,"Frank":-0.4555510473,"Gumbel":0.3069693642,"Plackett":0.3249848068,"Gauss Mix Indep":0.1196077452},"9.csv":{"Gaussian":0.1678913384,"t_Copula":0.4786244632,"t_Copula_Capped":0.4430146842,"Clayton":-5.4388816049,"Frank":-0.4958352719,"Gumbel":0.3473974797,"Plackett":0.3839422019,"Gauss Mix Indep":0.2160263637}}