{"0.csv":{"Gaussian":0.9813969931,"t_Copula":1.1722003085,"t_Copula_Capped":1.155880758,"Clayton":-4.3032168479,"Frank":0.4904286755,"Gumbel":0.8536106018,"Plackett":1.0227763176,"Gauss Mix Indep":1.0056423841},"1.csv":{"Gaussian":0.8376204208,"t_Copula":1.1748757834,"t_Copula_Capped":1.147403203,"Clayton":-4.8528490391,"Frank":0.5033987916,"Gumbel":0.6378999555,"Plackett":0.9301378103,"Gauss Mix Indep":0.8499883173},"10.csv":{"Gaussian":0.2903327788,"t_Copula":1.0617081409,"t_Copula_Capped":1.0058524512,"Clayton":-90.536068617,"Frank":0.2765024985,"Gumbel":0.6637730173,"Plackett":0.7329669061,"Gauss Mix Indep":0.3687098606},"11.csv":{"Gaussian":0.172442762,"t_Copula":1.0566649384,"t_Copula_Capped":0.9922625762,"Clayton":-129.5076628883,"Frank":0.2655706789,"Gumbel":0.6514217506,"Plackett":0.6941773576,"Gauss Mix Indep":0.2166577301},"12.csv":{"Gaussian":0.2412396422,"t_Copula":1.0453540144,"t_Copula_Capped":0.9849450626,"Clayton":-91.4240607242,"Frank":0.2184129946,"Gumbel":0.6596182844,"Plackett":0.7045360129,"Gauss Mix Indep":0.2935993464},"13.csv":{"Gaussian":0.5162919277,"t_Copula":1.0492178938,"t_Copula_Capped":1.0072470455,"Clayton":-53.5995247066,"Frank":0.1757134646,"Gumbel":0.7818574366,"Plackett":0.7951683267,"Gauss Mix Indep":0.6605323447},"14.csv":{"Gaussian":0.5195846758,"t_Copula":1.0597494511,"t_Copula_Capped":1.0155791081,"Clayton":-53.543074342,"Frank":0.1669471144,"Gumbel":0.7918223712,"Plackett":0.8047687746,"Gauss Mix Indep":0.6749299272},"15.csv":{"Gaussian":0.2821864541,"t_Copula":1.0317530649,"t_Copula_Capped":0.9700668858,"Clayton":-215.8406716614,"Frank":0.1190276509,"Gumbel":0.7241404822,"Plackett":0.7086086946,"Gauss Mix Indep":0.3427285515},"16.csv":{"Gaussian":0.3837474368,"t_Copula":1.0308476709,"t_Copula_Capped":0.9784533164,"Clayton":-203.5545543838,"Frank":0.1043514369,"Gumbel":0.7610340877,"Plackett":0.7147135428,"Gauss Mix Indep":0.3977957385},"17.csv":{"Gaussian":0.476705859,"t_Copula":1.0447743075,"t_Copula_Capped":0.999358933,"Clayton":-192.083609236,"Frank":0.118694009,"Gumbel":0.8153203381,"Plackett":0.7476051235,"Gauss Mix Indep":0.5060855859},"18.csv":{"Gaussian":0.5858236117,"t_Copula":1.0588601831,"t_Copula_Capped":1.0169348453,"Clayton":-65.9221231407,"Frank":0.1210403926,"Gumbel":0.8334807235,"Plackett":0.8107788804,"Gauss Mix Indep":0.7083839378},"19.csv":{"Gaussian":0.5015608777,"t_Copula":1.0494118772,"t_Copula_Capped":1.0037016613,"Clayton":-187.9222156389,"Frank":0.1196064555,"Gumbel":0.818321059,"Plackett":0.7536954163,"Gauss Mix Indep":0.5340756631},"2.csv":{"Gaussian":-0.1020321161,"t_Copula":1.0634082792,"t_Copula_Capped":0.9777655727,"Clayton":-111.7616343009,"Frank":0.4988777638,"Gumbel":0.0536135399,"Plackett":0.4510354819,"Gauss Mix Indep":-0.4217601215},"20.csv":{"Gaussian":0.5834659821,"t_Copula":1.0398559626,"t_Copula_Capped":1.0008244904,"Clayton":-35.4318307452,"Frank":0.1347324987,"Gumbel":0.7620476279,"Plackett":0.7831222871,"Gauss Mix Indep":0.592126744},"21.csv":{"Gaussian":0.7188376501,"t_Copula":1.0764835208,"t_Copula_Capped":1.0438537849,"Clayton":-18.4315475166,"Frank":0.1651511903,"Gumbel":0.8070896508,"Plackett":0.8442726775,"Gauss Mix Indep":0.7644510519},"22.csv":{"Gaussian":0.6804650496,"t_Copula":1.0697662056,"t_Copula_Capped":1.0346669926,"Clayton":-18.5911014386,"Frank":0.1695676457,"Gumbel":0.7645275054,"Plackett":0.8154280311,"Gauss Mix Indep":0.7038015706},"23.csv":{"Gaussian":0.6739866197,"t_Copula":1.0651268589,"t_Copula_Capped":1.0299421717,"Clayton":-18.6772818932,"Frank":0.1655404348,"Gumbel":0.7612142454,"Plackett":0.8095527883,"Gauss Mix Indep":0.6976316496},"24.csv":{"Gaussian":0.6571719057,"t_Copula":1.0573100614,"t_Copula_Capped":1.0192197397,"Clayton":-18.2487734713,"Frank":0.0984541525,"Gumbel":0.772314956,"Plackett":0.8211266939,"Gauss Mix Indep":0.7117807109},"25.csv":{"Gaussian":0.4132438033,"t_Copula":1.0379821793,"t_Copula_Capped":0.9846757037,"Clayton":-160.9259531022,"Frank":0.0810951166,"Gumbel":0.6919430825,"Plackett":0.7149356497,"Gauss Mix Indep":0.2905128596},"26.csv":{"Gaussian":0.0715048705,"t_Copula":0.9972109313,"t_Copula_Capped":0.9269844237,"Clayton":-173.4537280529,"Frank":0.0991152699,"Gumbel":0.4825182474,"Plackett":0.5731229441,"Gauss Mix Indep":-0.254922045},"27.csv":{"Gaussian":0.244580916,"t_Copula":1.0115251345,"t_Copula_Capped":0.9528020541,"Clayton":-62.1926052141,"Frank":0.1239205689,"Gumbel":0.6606561364,"Plackett":0.6588444312,"Gauss Mix Indep":0.0504315063},"28.csv":{"Gaussian":0.2609006237,"t_Copula":1.0139869748,"t_Copula_Capped":0.9562757012,"Clayton":-61.8852692202,"Frank":0.141816978,"Gumbel":0.6642962791,"Plackett":0.667285635,"Gauss Mix Indep":0.0955409399},"29.csv":{"Gaussian":0.4524225736,"t_Copula":1.0211905719,"t_Copula_Capped":0.9751581425,"Clayton":-60.5912935088,"Frank":0.1120074991,"Gumbel":0.7833442325,"Plackett":0.7481162321,"Gauss Mix Indep":0.4817158597},"3.csv":{"Gaussian":0.5134994085,"t_Copula":1.1247523738,"t_Copula_Capped":1.0796275624,"Clayton":-60.7943738122,"Frank":0.4431138904,"Gumbel":0.5854808767,"Plackett":0.7183219242,"Gauss Mix Indep":0.2566943478},"30.csv":{"Gaussian":0.4696223708,"t_Copula":1.0347806003,"t_Copula_Capped":0.9898395649,"Clayton":-60.3092321762,"Frank":0.1585290012,"Gumbel":0.8005194682,"Plackett":0.7760563261,"Gauss Mix Indep":0.5357228611},"31.csv":{"Gaussian":0.4035513415,"t_Copula":1.0367126993,"t_Copula_Capped":0.9870895262,"Clayton":-60.8619482007,"Frank":0.1860780843,"Gumbel":0.7605700364,"Plackett":0.7612411691,"Gauss Mix Indep":0.4707182123},"32.csv":{"Gaussian":0.6728364449,"t_Copula":1.0720455323,"t_Copula_Capped":1.0385042874,"Clayton":-7.2153971752,"Frank":0.2204235207,"Gumbel":0.8602687016,"Plackett":0.8944399255,"Gauss Mix Indep":0.8845854772},"33.csv":{"Gaussian":0.6773914631,"t_Copula":1.0747747495,"t_Copula_Capped":1.0413382236,"Clayton":-7.1851888501,"Frank":0.2309799793,"Gumbel":0.8640050222,"Plackett":0.9010109199,"Gauss Mix Indep":0.8899243292},"34.csv":{"Gaussian":0.6718841432,"t_Copula":1.0762742295,"t_Copula_Capped":1.0412051395,"Clayton":-7.2120358301,"Frank":0.2245020609,"Gumbel":0.8674560706,"Plackett":0.907540557,"Gauss Mix Indep":0.8921583297},"35.csv":{"Gaussian":0.7053566893,"t_Copula":1.0668310441,"t_Copula_Capped":1.0345521913,"Clayton":-7.2770889705,"Frank":0.190293848,"Gumbel":0.8905414008,"Plackett":0.9046933084,"Gauss Mix Indep":0.9033785555},"36.csv":{"Gaussian":0.6892068541,"t_Copula":1.0638838257,"t_Copula_Capped":1.0291163362,"Clayton":-7.3613279924,"Frank":0.1669026481,"Gumbel":0.8873271379,"Plackett":0.9041357423,"Gauss Mix Indep":0.8977657441},"37.csv":{"Gaussian":0.6649893256,"t_Copula":1.0607708798,"t_Copula_Capped":1.0236851472,"Clayton":-7.4440384686,"Frank":0.1597571576,"Gumbel":0.8776657251,"Plackett":0.9025948476,"Gauss Mix Indep":0.8941958948},"38.csv":{"Gaussian":0.6748060691,"t_Copula":1.0644806878,"t_Copula_Capped":1.0303048532,"Clayton":-7.3843453491,"Frank":0.2041234116,"Gumbel":0.8776658586,"Plackett":0.911808184,"Gauss Mix Indep":0.9105021657},"39.csv":{"Gaussian":0.6966302435,"t_Copula":1.0573263264,"t_Copula_Capped":1.0244492669,"Clayton":-6.6925912987,"Frank":0.1701526963,"Gumbel":0.8793965963,"Plackett":0.9157547097,"Gauss Mix Indep":0.9276981324},"4.csv":{"Gaussian":0.2851407085,"t_Copula":1.1069131223,"t_Copula_Capped":1.0460365964,"Clayton":-15.7412159587,"Frank":0.4379706043,"Gumbel":0.2428681734,"Plackett":0.613018236,"Gauss Mix Indep":-0.1319958201},"40.csv":{"Gaussian":0.6552735367,"t_Copula":1.0623678053,"t_Copula_Capped":1.0254447334,"Clayton":-7.409203399,"Frank":0.1808952332,"Gumbel":0.8694003444,"Plackett":0.9118261584,"Gauss Mix Indep":0.9133257819},"41.csv":{"Gaussian":0.5901493984,"t_Copula":1.0705787453,"t_Copula_Capped":1.0295184583,"Clayton":-9.7665053767,"Frank":0.219636368,"Gumbel":0.8644940426,"Plackett":0.8969614242,"Gauss Mix Indep":0.8502388043},"42.csv":{"Gaussian":0.4494955195,"t_Copula":1.0742735227,"t_Copula_Capped":1.0253007982,"Clayton":-42.8127800443,"Frank":0.2294556587,