{"68.csv":{"Gaussian":1.5964655828,"t_Copula":1.6027312309,"t_Copula_Capped":1.6027312317,"Clayton":-0.6694807022,"Frank":1.4041152501,"Gumbel":1.4294977543,"Plackett":1.5299990495,"Gauss Mix Indep":1.6231915219},"6.csv":{"Gaussian":0.9549723559,"t_Copula":1.4874250403,"t_Copula_Capped":1.4606927209,"Clayton":-58.6837140777,"Frank":1.1434274021,"Gumbel":0.9408256888,"Plackett":1.1367626716,"Gauss Mix Indep":0.9898074817},"54.csv":{"Gaussian":1.5777155589,"t_Copula":1.6686925955,"t_Copula_Capped":1.668692612,"Clayton":-15.7780684817,"Frank":1.4177188385,"Gumbel":1.4878625006,"Plackett":1.4523233617,"Gauss Mix Indep":1.6126635407},"40.csv":{"Gaussian":1.2352810809,"t_Copula":1.7165846404,"t_Copula_Capped":1.6807600133,"Clayton":-57.499162746,"Frank":1.462021458,"Gumbel":1.2290955851,"Plackett":1.2701122275,"Gauss Mix Indep":1.1078750463},"41.csv":{"Gaussian":1.5241305994,"t_Copula":1.74204685,"t_Copula_Capped":1.7263346472,"Clayton":-15.8929693693,"Frank":1.4994122125,"Gumbel":1.344181052,"Plackett":1.3909166253,"Gauss Mix Indep":1.444767123},"7.csv":{"Gaussian":1.0970516631,"t_Copula":1.529434987,"t_Copula_Capped":1.5097318008,"Clayton":-44.6977333598,"Frank":1.1953733209,"Gumbel":1.0246620084,"Plackett":1.234277041,"Gauss Mix Indep":1.1651428234},"55.csv":{"Gaussian":1.5594590844,"t_Copula":1.6594053471,"t_Copula_Capped":1.6594029172,"Clayton":-16.1201272807,"Frank":1.399680182,"Gumbel":1.4720651563,"Plackett":1.4328571294,"Gauss Mix Indep":1.5976570934},"69.csv":{"Gaussian":1.5670343247,"t_Copula":1.5743889443,"t_Copula_Capped":1.5743889434,"Clayton":-0.7394242194,"Frank":1.3651996372,"Gumbel":1.3963670392,"Plackett":1.5041020517,"Gauss Mix Indep":1.5955947774},"80.csv":{"Gaussian":1.4309022898,"t_Copula":1.4367071281,"t_Copula_Capped":1.4367082712,"Clayton":-7.1110681568,"Frank":1.1678042812,"Gumbel":1.3717765899,"Plackett":1.3588960516,"Gauss Mix Indep":1.455670023},"43.csv":{"Gaussian":1.4677820355,"t_Copula":1.7337900678,"t_Copula_Capped":1.7128839277,"Clayton":-4.3268116245,"Frank":1.4768044746,"Gumbel":1.0600881821,"Plackett":1.3881917079,"Gauss Mix Indep":1.406751595},"57.csv":{"Gaussian":1.5328835343,"t_Copula":1.6401953652,"t_Copula_Capped":1.6389575197,"Clayton":-18.7366705531,"Frank":1.379955207,"Gumbel":1.4655676269,"Plackett":1.4073489285,"Gauss Mix Indep":1.5698542778},"5.csv":{"Gaussian":0.9483217347,"t_Copula":1.4753515993,"t_Copula_Capped":1.4492910887,"Clayton":-59.0455981703,"Frank":1.1438675292,"Gumbel":0.9155540936,"Plackett":1.1268553929,"Gauss Mix Indep":0.963454501},"56.csv":{"Gaussian":1.5386752915,"t_Copula":1.6454072587,"t_Copula_Capped":1.6442886682,"Clayton":-16.6945734414,"Frank":1.3823181674,"Gumbel":1.4439225483,"Plackett":1.4133728194,"Gauss Mix Indep":1.5759570658},"4.csv":{"Gaussian":1.0501514055,"t_Copula":1.4787102691,"t_Copula_Capped":1.4586889381,"Clayton":-56.850877301,"Frank":1.1453744445,"Gumbel":1.0117467696,"Plackett":1.1701602022,"Gauss Mix Indep":1.0544105181},"42.csv":{"Gaussian":1.5988582978,"t_Copula":1.7547871914,"t_Copula_Capped":1.7448444681,"Clayton":-2.8909594963,"Frank":1.514513729,"Gumbel":1.1541979733,"Plackett":1.4568151025,"Gauss Mix Indep":1.5362549456},"46.csv":{"Gaussian":1.5445577864,"t_Copula":1.6550180765,"t_Copula_Capped":1.6550178927,"Clayton":-4.260909824,"Frank":1.4180151416,"Gumbel":1.3654681126,"Plackett":1.458242711,"Gauss Mix Indep":1.5750950985},"0.csv":{"Gaussian":1.0763950515,"t_Copula":1.3589753347,"t_Copula_Capped":1.3521085311,"Clayton":-28.480753177,"Frank":1.0393421353,"Gumbel":1.0046631204,"Plackett":1.1363729637,"Gauss Mix Indep":1.0535422953},"52.csv":{"Gaussian":1.5356851195,"t_Copula":1.6645640681,"t_Copula_Capped":1.6645640924,"Clayton":-15.7625232516,"Frank":1.380903342,"Gumbel":1.4377789296,"Plackett":1.4128622285,"Gauss Mix Indep":1.5624678555},"1.csv":{"Gaussian":0.92892522,"t_Copula":1.411044718,"t_Copula_Capped":1.3879531321,"Clayton":-36.21939859,"Frank":1.0828755803,"Gumbel":0.8254133493,"Plackett":1.0382569374,"Gauss Mix Indep":0.7406152493},"53.csv":{"Gaussian":1.5640684651,"t_Copula":1.6667181139,"t_Copula_Capped":1.6654714556,"Clayton":-15.968827666,"Frank":1.3838510835,"Gumbel":1.4962719805,"Plackett":1.4352514947,"Gauss Mix Indep":1.5960311585},"47.csv":{"Gaussian":1.6246851674,"t_Copula":1.6395053333,"t_Copula_Capped":1.6395053038,"Clayton":-4.1716863968,"Frank":1.4209386302,"Gumbel":1.5486619969,"Plackett":1.5362780215,"Gauss Mix Indep":1.6640528285},"51.csv":{"Gaussian":1.5624697527,"t_Copula":1.6782279042,"t_Copula_Capped":1.6782278825,"Clayton":-15.3099300853,"Frank":1.4051245186,"Gumbel":1.4731408723,"Plackett":1.4432173111,"Gauss Mix Indep":1.5910100654},"3.csv":{"Gaussian":1.1827934992,"t_Copula":1.4752676333,"t_Copula_Capped":1.4642551907,"Clayton":-35.0284537441,"Frank":1.1407559292,"Gumbel":1.1026565035,"Plackett":1.2277001324,"Gauss Mix Indep":1.1827216058},"45.csv":{"Gaussian":1.5932398757,"t_Copula":1.6192277134,"t_Copula_Capped":1.6192282753,"Clayton":-4.2079905067,"Frank":1.4517533628,"Gumbel":1.4156518824,"Plackett":1.4858776495,"Gauss Mix Indep":1.6136246408},"79.csv":{"Gaussian":1.4619599674,"t_Copula":1.46948243,"t_Copula_Capped":1.469482416,"Clayton":-2.5779421481,"Frank":1.1983679974,"Gumbel":1.3416384594,"Plackett":1.3682326799,"Gauss Mix Indep":1.491363094},"78.csv":{"Gaussian":1.4531260484,"t_Copula":1.4622146354,"t_Copula_Capped":1.4622146403,"Clayton":-3.0446518755,"Frank":1.1997433809,"Gumbel":1.3204525031,"Plackett":1.3492199208,"Gauss Mix Indep":1.4840748544},"44.csv":{"Gaussian":1.4500112169,"t_Copula":1.7193896259,"t_Copula_Capped":1.6974359339,"Clayton":-4.370085388,"Frank":1.4556582533,"Gumbel":1.031645832,"Plackett":1.3614157184,"Gauss Mix Indep":1.3694230043},"50.csv":{"Gaussian":1.5888171266,"t_Copula":1.6861539118,"t_Copula_Capped":1.6861539467,"Clayton":-14.9113552039,"Frank":1.4319307823,"Gumbel":1.4926006688,"Plackett":1.4707194043,"Gauss Mix Indep":1.615920883},"2.csv":{"Gaussian":1.1164493915,"t_Copula":1.4409061994,"t_Copula_Capped":1.4266785008,"Clayton":-35.7884898225,"Frank":1.0931515688,"Gumbel":1.0627026001,"Plackett":1.1871358741,"Gauss Mix Indep":1.1160347672},"37.csv":{"Gaussian":1.4768660477,"t_Copula":1.7317081626,"t_Copula_Capped":1.7195687709,"Clayton":-52.2061961177,"Frank":1.4862098139,"Gumbel":1.4379505736,"Plackett":1.3738237452,"Gauss Mix Indep":1.3817064109},"23.csv":{"Gaussian":0.693159798,"t_Copula":1.570835178,"t_Copula_Capped":1.5509898517,"Clayton":-73.5294351004,"Frank":1.353926047,"Gumbel":0.8847612952,"Plackett":1.051821819,"Gauss Mix Indep":0.611664124},"22.csv":{"Gaussian":0.6963897097,"t_Copula":1.5572541681,"t_Copula_Capped":1.5384661535,"Clayton":-72.2824469167,"Frank":1.3489616258,"Gumbel":0.8746409416,"Plackett":1.0321843553,"Gauss Mix Indep":0.5758937774},"36.csv":{"Gaussian":1.2328834879,"t_Copula":1.6708083622,"t_Copula_Capped":1.6462301739,"Clayton":-81.3299445729,"Frank":1.4797306993,"Gumbel":1.2292900486,"Plackett":1.2084387679,"Gauss Mix Indep":1.0480847836},"20.csv":{"Gaussian":0.6154532828,"t_Copula":1.500981014,"t_Copula_Capped":1.4759543666,"Clayton":-74.7391329075,"Frank":1.3097323554,"Gumbel":0.7619193556,"Plackett":0.9848860186,"Gauss Mix Indep":0.4240953373},"34.csv":{"Gaussian":1.4868922172,"t_Copula":1.6631190407,"t_Copula_Capped":1.6594198016,"Clayton":-28.8478268023,"Frank":1.3882826655,"Gumbel":1.440877727,"Plackett":1.3840773229,"Gauss Mix Indep":1.4924622626},"35.csv":{"Gaussian":1.5490150159,"t_Copula":1.6928809365,"t_Copula_Capped":1.6953955497,"Clayton":-30.0982686206,"Frank":1.4506413367,"Gumbel":1.4917465515,"Plackett":1.4321471036,"Gauss Mix Indep":1.5625849118},"21.csv":{"Gaussian":0.7161634902,"t_Copula":1.5556049512,"t_Copula_Capped":1.533556047,"Clayton":-72.6026383981,"Frank":1.3575966842,"Gumbel":0.8695966944,"Plackett":1.0375322289,"Gauss Mix Indep":0.5864643804},"25.csv":{"Gaussian":1.3191591723,"t_Copula":1.5880749399,"t_Copula_Capped":1.5830971107,"Clayton":-8.6398826712,"Frank":1.3513753658,"Gumbel":1.0320790917,