coin,weight
btc,0.7065338613681761
eth,0.2934661386318239
