{"0.csv":{"Gaussian":{"rho":0.9225855934},"t_Copula":{"rho":0.879557296,"nu":2.0},"t_Copula_Capped":{"rho":0.9011635671,"nu":4.0},"Clayton":{"theta":23.7090297522},"Frank":{"theta":30.9725406017},"Gumbel":{"theta":4.1581386147},"Plackett":{"theta":117.8190141557},"Gauss Mix Indep":{"rho":0.986123438,"p":0.8171726193}},"1.csv":{"Gaussian":{"rho":0.8990342364},"t_Copula":{"rho":0.853771703,"nu":2.3137015642},"t_Copula_Capped":{"rho":0.8729084407,"nu":4.0},"Clayton":{"theta":21.3925741023},"Frank":{"theta":24.8537493632},"Gumbel":{"theta":3.470111105},"Plackett":{"theta":78.6100532934},"Gauss Mix Indep":{"rho":0.9630538041,"p":0.8397244321}},"10.csv":{"Gaussian":{"rho":0.8543387026},"t_Copula":{"rho":0.7786393031,"nu":2.0},"t_Copula_Capped":{"rho":0.8161378495,"nu":4.0},"Clayton":{"theta":11.401216362},"Frank":{"theta":18.114867103},"Gumbel":{"theta":2.7858727538},"Plackett":{"theta":47.5073327424},"Gauss Mix Indep":{"rho":0.9642857325,"p":0.7497976239}},"11.csv":{"Gaussian":{"rho":0.849589028},"t_Copula":{"rho":0.7715192991,"nu":2.0},"t_Copula_Capped":{"rho":0.8100154059,"nu":4.0},"Clayton":{"theta":10.6617159562},"Frank":{"theta":17.532852727},"Gumbel":{"theta":2.7206481376},"Plackett":{"theta":45.1990353336},"Gauss Mix Indep":{"rho":0.9639672469,"p":0.7417803722}},"12.csv":{"Gaussian":{"rho":0.8490482104},"t_Copula":{"rho":0.7705516829,"nu":2.0},"t_Copula_Capped":{"rho":0.809265623,"nu":4.0},"Clayton":{"theta":10.4766529911},"Frank":{"theta":17.4835169811},"Gumbel":{"theta":2.7145238981},"Plackett":{"theta":44.8476215211},"Gauss Mix Indep":{"rho":0.9675227251,"p":0.7312575547}},"13.csv":{"Gaussian":{"rho":0.8562696986},"t_Copula":{"rho":0.7794957665,"nu":2.0},"t_Copula_Capped":{"rho":0.8175672116,"nu":4.0},"Clayton":{"theta":13.0981903866},"Frank":{"theta":18.5297752247},"Gumbel":{"theta":2.7871289266},"Plackett":{"theta":49.1387007904},"Gauss Mix Indep":{"rho":0.9861418627,"p":0.6917587251}},"14.csv":{"Gaussian":{"rho":0.866091776},"t_Copula":{"rho":0.794680252,"nu":2.0},"t_Copula_Capped":{"rho":0.8301432625,"nu":4.0},"Clayton":{"theta":19.2568149404},"Frank":{"theta":19.7858028089},"Gumbel":{"theta":2.8745518814},"Plackett":{"theta":54.3501564307},"Gauss Mix Indep":{"rho":0.9834001139,"p":0.716955278}},"15.csv":{"Gaussian":{"rho":0.8748681452},"t_Copula":{"rho":0.8074775157,"nu":2.0},"t_Copula_Capped":{"rho":0.8410660112,"nu":4.0},"Clayton":{"theta":21.8582490268},"Frank":{"theta":21.1423001231},"Gumbel":{"theta":2.9839062443},"Plackett":{"theta":59.9923596733},"Gauss Mix Indep":{"rho":0.9905490961,"p":0.7059497549}},"16.csv":{"Gaussian":{"rho":0.8820039269},"t_Copula":{"rho":0.8166903948,"nu":2.0},"t_Copula_Capped":{"rho":0.84929494,"nu":4.0},"Clayton":{"theta":26.7176150805},"Frank":{"theta":22.3277822174},"Gumbel":{"theta":3.054959889},"Plackett":{"theta":65.6886095343},"Gauss Mix Indep":{"rho":0.9957565532,"p":0.6919897248}},"17.csv":{"Gaussian":{"rho":0.9002557399},"t_Copula":{"rho":0.8445479365,"nu":2.0},"t_Copula_Capped":{"rho":0.8725082504,"nu":4.0},"Clayton":{"theta":24.5033243745},"Frank":{"theta":25.8164981272},"Gumbel":{"theta":3.4415561248},"Plackett":{"theta":83.3425736959},"Gauss Mix Indep":{"rho":0.9977463486,"p":0.7110483989}},"18.csv":{"Gaussian":{"rho":0.8871261832},"t_Copula":{"rho":0.8262966017,"nu":2.0},"t_Copula_Capped":{"rho":0.8567042378,"nu":4.0},"Clayton":{"theta":17.9367709465},"Frank":{"theta":23.1142940539},"Gumbel":{"theta":3.2574209541},"Plackett":{"theta":68.5863339516},"Gauss Mix Indep":{"rho":0.9934967313,"p":0.7124100407}},"19.csv":{"Gaussian":{"rho":0.9256543012},"t_Copula":{"rho":0.8824318726,"nu":2.0},"t_Copula_Capped":{"rho":0.9042250119,"nu":4.0},"Clayton":{"theta":29.5012871731},"Frank":{"theta":32.341377532},"Gumbel":{"theta":4.14333168},"Plackett":{"theta":128.3386460709},"Gauss Mix Indep":{"rho":0.999,"p":0.7486270595}},"2.csv":{"Gaussian":{"rho":0.8543153197},"t_Copula":{"rho":0.8086766784,"nu":3.2230161672},"t_Copula_Capped":{"rho":0.8175843661,"nu":4.0},"Clayton":{"theta":6.3756786372},"Frank":{"theta":18.024026298},"Gumbel":{"theta":2.8980295803},"Plackett":{"theta":46.4863496286},"Gauss Mix Indep":{"rho":0.9256161957,"p":0.8391102455}},"20.csv":{"Gaussian":{"rho":0.883709284},"t_Copula":{"rho":0.8220050299,"nu":2.0},"t_Copula_Capped":{"rho":0.8528860271,"nu":4.0},"Clayton":{"theta":12.5400614667},"Frank":{"theta":22.5740187225},"Gumbel":{"theta":3.3280809337},"Plackett":{"theta":65.6863158461},"Gauss Mix Indep":{"rho":0.9936284316,"p":0.7074551647}},"21.csv":{"Gaussian":{"rho":0.8721750258},"t_Copula":{"rho":0.8045880792,"nu":2.0},"t_Copula_Capped":{"rho":0.8383005395,"nu":4.0},"Clayton":{"theta":12.9370951669},"Frank":{"theta":20.7920642056},"Gumbel":{"theta":3.0638558707},"Plackett":{"theta":57.8613534284},"Gauss Mix Indep":{"rho":0.9893259971,"p":0.7071912586}},"22.csv":{"Gaussian":{"rho":0.8805020224},"t_Copula":{"rho":0.8179291047,"nu":2.0},"t_Copula_Capped":{"rho":0.8491552789,"nu":4.0},"Clayton":{"theta":13.8939393296},"Frank":{"theta":21.9460839459},"Gumbel":{"theta":3.2104078015},"Plackett":{"theta":63.3012146008},"Gauss Mix Indep":{"rho":0.9836459958,"p":0.7422132344}},"23.csv":{"Gaussian":{"rho":0.822187348},"t_Copula":{"rho":0.8178074656,"nu":37.9441792073},"t_Copula_Capped":{"rho":0.8178074732,"nu":37.9442562308},"Clayton":{"theta":2.7702621797},"Frank":{"theta":15.2561559295},"Gumbel":{"theta":2.5256587797},"Plackett":{"theta":34.7275034612},"Gauss Mix Indep":{"rho":0.9091661154,"p":0.814886092}},"3.csv":{"Gaussian":{"rho":0.8328417585},"t_Copula":{"rho":0.7989025412,"nu":4.8410263287},"t_Copula_Capped":{"rho":0.7989025502,"nu":4.8410265495},"Clayton":{"theta":3.7285301314},"Frank":{"theta":15.8464032017},"Gumbel":{"theta":2.6620024075},"Plackett":{"theta":37.9548628321},"Gauss Mix Indep":{"rho":0.8971014192,"p":0.8591394417}},"4.csv":{"Gaussian":{"rho":0.8245662},"t_Copula":{"rho":0.7881664604,"nu":4.7234827892},"t_Copula_Capped":{"rho":0.7881664579,"nu":4.7234820586},"Clayton":{"theta":3.1344754412},"Frank":{"theta":15.0812574617},"Gumbel":{"theta":2.582639055},"Plackett":{"theta":35.326448043},"Gauss Mix Indep":{"rho":0.8875117547,"p":0.8630195966}},"5.csv":{"Gaussian":{"rho":0.8323272534},"t_Copula":{"rho":0.7663982966,"nu":2.5608539844},"t_Copula_Capped":{"rho":0.7899214219,"nu":4.0},"Clayton":{"theta":3.1954419148},"Frank":{"theta":15.7008097843},"Gumbel":{"theta":2.6290259255},"Plackett":{"theta":38.2155452309},"Gauss Mix Indep":{"rho":0.9196565864,"p":0.8120419507}},"6.csv":{"Gaussian":{"rho":0.8297865355},"t_Copula":{"rho":0.7605891607,"nu":2.4754567386},"t_Copula_Capped":{"rho":0.7867021887,"nu":4.0},"Clayton":{"theta":2.7209118545},"Frank":{"theta":15.4776562503},"Gumbel":{"theta":2.5871529719},"Plackett":{"theta":37.4958705902},"Gauss Mix Indep":{"rho":0.9204838555,"p":0.8063564968}},"7.csv":{"Gaussian":{"rho":0.8054456647},"t_Copula":{"rho":0.7423531119,"nu":3.0473462395},"t_Copula_Capped":{"rho":0.7572959212,"nu":4.0},"Clayton":{"theta":2.3409702336},"Frank":{"theta":13.5440442856},"Gumbel":{"theta":2.3997524293},"Plackett":{"theta":30.3077262716},"Gauss Mix Indep":{"rho":0.9032656876,"p":0.7963460345}},"8.csv":{"Gaussian":{"rho":0.8594992028},"t_Copula":{"rho":0.7866715627,"nu":2.0},"t_Copula_Capped":{"rho":0.8226313898,"nu":4.0},"Clayton":{"theta":9.0194543835},"Frank":{"theta":18.703948066},"Gumbel":{"theta":2.8854263991},"Plackett":{"theta":50.269930488},"Gauss Mix Indep":{"rho":0.9559789468,"p":0.7808134579}},"9.csv":{"Gaussian":{"rho":0.8421395184},"t_Copula":{"rho":0.7740065133,"nu":2.3478645313},"t_Copula_Capped":{"rho":0.8019054064,"nu":4.0},"Clayton":{"theta":4.2551711514},"Frank":{"theta":16.7544412782},"Gumbel":{"theta":2.6978940655},"Plackett":{"theta":41.7116441788},"Gauss Mix Indep":{"rho":0.93926461,"p":0.7867212549}}}