{"["0.csv","Var"]":{"Gaussian":0.7547851562,"t_Copula":0.7013671875,"t_Copula_Capped":0.7360351562,"Clayton":0.780078125,"Frank":0.7173828125,"Gumbel":0.7388671875,"Plackett":0.7104492187,"Gauss Mix Indep":0.6466796875},"["0.csv","ERM k=10"]":{"Gaussian":0.7275390625,"t_Copula":0.6985351562,"t_Copula_Capped":0.71640625,"Clayton":0.7053710937,"Frank":0.700390625,"Gumbel":0.815234375,"Plackett":0.6921875,"Gauss Mix Indep":0.665625},"["0.csv","ERM k=20"]":{"Gaussian":0.7584960937,"t_Copula":0.7016601562,"t_Copula_Capped":0.7368164062,"Clayton":0.6696289062,"Frank":0.7004882812,"Gumbel":0.8674804687,"Plackett":0.692578125,"Gauss Mix Indep":0.59609375},"["0.csv","ES q=0.01"]":{"Gaussian":0.65,"t_Copula":0.7060546875,"t_Copula_Capped":0.678125,"Clayton":0.89140625,"Frank":0.717578125,"Gumbel":0.731640625,"Plackett":0.7330078125,"Gauss Mix Indep":0.7788085937},"["0.csv","ES q=0.05"]":{"Gaussian":0.60625,"t_Copula":0.5870117187,"t_Copula_Capped":0.6014648437,"Clayton":0.5935546875,"Frank":0.4884765625,"Gumbel":0.56875,"Plackett":0.49609375,"Gauss Mix Indep":0.4674804687},"["0.csv","ES q=0.10"]":{"Gaussian":0.277734375,"t_Copula":0.24609375,"t_Copula_Capped":0.2604492187,"Clayton":0.2626953125,"Frank":0.2717773437,"Gumbel":0.2528320312,"Plackett":0.246484375,"Gauss Mix Indep":0.2254882812},"["1.csv","Var"]":{"Gaussian":0.7469726562,"t_Copula":0.6883789062,"t_Copula_Capped":0.7288085937,"Clayton":0.7721679687,"Frank":0.7208007812,"Gumbel":0.727734375,"Plackett":0.706640625,"Gauss Mix Indep":0.6364257812},"["1.csv","ERM k=10"]":{"Gaussian":0.75625,"t_Copula":0.7223632812,"t_Copula_Capped":0.7439453125,"Clayton":0.71015625,"Frank":0.7361328125,"Gumbel":0.8423828125,"Plackett":0.7241210937,"Gauss Mix Indep":0.6912109375},"["1.csv","ERM k=20"]":{"Gaussian":0.7809570312,"t_Copula":0.7169921875,"t_Copula_Capped":0.7563476562,"Clayton":0.6720703125,"Frank":0.737109375,"Gumbel":0.8943359375,"Plackett":0.7216796875,"Gauss Mix Indep":0.6157226562},"["1.csv","ES q=0.01"]":{"Gaussian":0.6727539062,"t_Copula":0.716015625,"t_Copula_Capped":0.6987304687,"Clayton":0.8971679688,"Frank":0.746484375,"Gumbel":0.747265625,"Plackett":0.75,"Gauss Mix Indep":0.786328125},"["1.csv","ES q=0.05"]":{"Gaussian":0.67421875,"t_Copula":0.6130859375,"t_Copula_Capped":0.654296875,"Clayton":0.8466796875,"Frank":0.5702148437,"Gumbel":0.5955078125,"Plackett":0.569921875,"Gauss Mix Indep":0.5352539062},"["1.csv","ES q=0.10"]":{"Gaussian":0.490234375,"t_Copula":0.294921875,"t_Copula_Capped":0.4856445312,"Clayton":0.4432617187,"Frank":0.41171875,"Gumbel":0.4806640625,"Plackett":0.3764648437,"Gauss Mix Indep":0.2657226562},"["2.csv","Var"]":{"Gaussian":0.7329101562,"t_Copula":0.6755859375,"t_Copula_Capped":0.7129882812,"Clayton":0.7465820312,"Frank":0.7028320312,"Gumbel":0.7192382812,"Plackett":0.6920898437,"Gauss Mix Indep":0.6259765625},"["2.csv","ERM k=10"]":{"Gaussian":0.738671875,"t_Copula":0.7103515625,"t_Copula_Capped":0.7271484375,"Clayton":0.6813476562,"Frank":0.7174804687,"Gumbel":0.8336914062,"Plackett":0.7063476562,"Gauss Mix Indep":0.68125},"["2.csv","ERM k=20"]":{"Gaussian":0.7599609375,"t_Copula":0.70234375,"t_Copula_Capped":0.7368164062,"Clayton":0.6419921875,"Frank":0.7141601562,"Gumbel":0.8802734375,"Plackett":0.6999023437,"Gauss Mix Indep":0.6025390625},"["2.csv","ES q=0.01"]":{"Gaussian":0.6564453125,"t_Copula":0.7154296875,"t_Copula_Capped":0.6875,"Clayton":0.870703125,"Frank":0.741015625,"Gumbel":0.7314453125,"Plackett":0.7399414062,"Gauss Mix Indep":0.7873046875},"["2.csv","ES q=0.05"]":{"Gaussian":0.7015625,"t_Copula":0.6904296875,"t_Copula_Capped":0.6940429687,"Clayton":0.999609375,"Frank":0.607421875,"Gumbel":0.6109375,"Plackett":0.6084960937,"Gauss Mix Indep":0.5875},"["2.csv","ES q=0.10"]":{"Gaussian":0.5665039062,"t_Copula":0.4923828125,"t_Copula_Capped":0.5146484375,"Clayton":0.733203125,"Frank":0.501953125,"Gumbel":0.4939453125,"Plackett":0.494921875,"Gauss Mix Indep":0.4828125},"["3.csv","Var"]":{"Gaussian":0.7620117187,"t_Copula":0.7073242187,"t_Copula_Capped":0.7454101562,"Clayton":0.7799804687,"Frank":0.7340820312,"Gumbel":0.7495117187,"Plackett":0.721484375,"Gauss Mix Indep":0.6391601562},"["3.csv","ERM k=10"]":{"Gaussian":0.7712890625,"t_Copula":0.74453125,"t_Copula_Capped":0.76171875,"Clayton":0.7198242187,"Frank":0.7487304687,"Gumbel":0.8665039062,"Plackett":0.7392578125,"Gauss Mix Indep":0.7063476562},"["3.csv","ERM k=20"]":{"Gaussian":0.7907226562,"t_Copula":0.7359375,"t_Copula_Capped":0.7703125,"Clayton":0.6780273437,"Frank":0.7448242187,"Gumbel":0.9140625,"Plackett":0.7322265625,"Gauss Mix Indep":0.6141601562},"["3.csv","ES q=0.01"]":{"Gaussian":0.6931640625,"t_Copula":0.7577148437,"t_Copula_Capped":0.7375,"Clayton":0.9107421875,"Frank":0.7689453125,"Gumbel":0.7796875,"Plackett":0.7732421875,"Gauss Mix Indep":0.83515625},"["3.csv","ES q=0.05"]":{"Gaussian":0.7069335937,"t_Copula":0.6895507812,"t_Copula_Capped":0.6939453125,"Clayton":1.0,"Frank":0.621484375,"Gumbel":0.6272460937,"Plackett":0.630078125,"Gauss Mix Indep":0.574609375},"["3.csv","ES q=0.10"]":{"Gaussian":0.5546875,"t_Copula":0.4921875,"t_Copula_Capped":0.515625,"Clayton":0.6509765625,"Frank":0.49375,"Gumbel":0.4912109375,"Plackett":0.4754882812,"Gauss Mix Indep":0.2921875},"["4.csv","Var"]":{"Gaussian":0.7614257812,"t_Copula":0.7053710937,"t_Copula_Capped":0.7428710937,"Clayton":0.7767578125,"Frank":0.7360351562,"Gumbel":0.75078125,"Plackett":0.723046875,"Gauss Mix Indep":0.64609375},"["4.csv","ERM k=10"]":{"Gaussian":0.7782226562,"t_Copula":0.746875,"t_Copula_Capped":0.7647460937,"Clayton":0.7181640625,"Frank":0.7631835937,"Gumbel":0.875,"Plackett":0.75,"Gauss Mix Indep":0.7141601562},"["4.csv","ERM k=20"]":{"Gaussian":0.7939453125,"t_Copula":0.7330078125,"t_Copula_Capped":0.768359375,"Clayton":0.6731445312,"Frank":0.7545898437,"Gumbel":0.919921875,"Plackett":0.7377929687,"Gauss Mix Indep":0.6173828125},"["4.csv","ES q=0.01"]":{"Gaussian":0.7139648437,"t_Copula":0.764453125,"t_Copula_Capped":0.74296875,"Clayton":0.8993164062,"Frank":0.7981445312,"Gumbel":0.7842773437,"Plackett":0.7875976562,"Gauss Mix Indep":0.8375976562},"["4.csv","ES q=0.05"]":{"Gaussian":0.7181640625,"t_Copula":0.7065429687,"t_Copula_Capped":0.7154296875,"Clayton":1.0,"Frank":0.648046875,"Gumbel":0.6609375,"Plackett":0.6520507812,"Gauss Mix Indep":0.6186523437},"["4.csv","ES q=0.10"]":{"Gaussian":0.5840820312,"t_Copula":0.5002929687,"t_Copula_Capped":0.531640625,"Clayton":0.903125,"Frank":0.5180664062,"Gumbel":0.499609375,"Plackett":0.5260742187,"Gauss Mix Indep":0.4779296875},"["5.csv","Var"]":{"Gaussian":0.7649414062,"t_Copula":0.7057617187,"t_Copula_Capped":0.7436523437,"Clayton":0.7829101562,"Frank":0.7422851562,"Gumbel":0.75078125,"Plackett":0.7259765625,"Gauss Mix Indep":0.6434570312},"["5.csv","ERM k=10"]":{"Gaussian":0.7805664062,"t_Copula":0.7451171875,"t_Copula_Capped":0.7661132812,"Clayton":0.7196289062,"Frank":0.7665039062,"Gumbel":0.8776367187,"Plackett":0.7522460937,"Gauss Mix Indep":0.7108398437},"["5.csv","ERM k=20"]":{"Gaussian":0.7982421875,"t_Copula":0.730859375,"t_Copula_Capped":0.7706054687,"Clayton":0.676953125,"Frank":0.7641601562,"Gumbel":0.9271484375,"Plackett":0.7438476562,"Gauss Mix Indep":0.6125},"["5.csv","ES q=0.01"]":{"Gaussian":0.7091796875,"t_Copula":0.75390625,"t_Copula_Capped":0.72890625,"Clayton":0.9006835938,"Frank":0.7861328125,"Gumbel":0.78046875,"Plackett":0.7811523437,"Gauss Mix Indep":0.836328125},"["5.csv","ES q=0.05"]":{"Gaussian":0.7314453125,"t_Copula":0.703125,"t_Copula_Capped":0.7169921875,"Clayton":1.0,"Frank":0.6616210937,"Gumbel":0.6860351562,"Plackett":0.6524414062,"Gauss Mix Indep":0.6264648437},"["5.csv","ES q=0.10"]":{"Gaussian":0.65234375,"t_Copula":0.5028320312,"t_Copula_Capped":0.5580078125,"Clayton":0.98984375,"Frank":0.5392578125,"Gumbel":0.502734375,"Plackett":0.5462890625,"Gauss Mix Indep":0.4817382812},"["6.csv","Var"]":{"Gaussian":0.7676757812,"t_Copula":0.7090820312,"t_Copula_Capped":0.7467773437,"Clayton":0.78125,"Frank":0.74375,"Gumbel":0.7568359375,