{"0.csv":{"Gaussian":0.3588693749,"t_Copula":1.1187570091,"t_Copula_Capped":1.0666110953,"Clayton":-15.4310614078,"Frank":0.5339773004,"Gumbel":0.303634096,"Plackett":0.6615398471,"Gauss Mix Indep":0.0203681469},"1.csv":{"Gaussian":0.1724427677,"t_Copula":1.0566648301,"t_Copula_Capped":0.9922625086,"Clayton":-129.5076683332,"Frank":0.2655706789,"Gumbel":0.6514217465,"Plackett":0.6941765323,"Gauss Mix Indep":0.2166576405},"10.csv":{"Gaussian":0.4781302409,"t_Copula":0.9001529973,"t_Copula_Capped":0.8683657409,"Clayton":-9.4737949995,"Frank":-0.1868427855,"Gumbel":0.6145396005,"Plackett":0.6806788717,"Gauss Mix Indep":0.3598177182},"11.csv":{"Gaussian":0.3751895561,"t_Copula":0.9494918607,"t_Copula_Capped":0.905335045,"Clayton":-8.1953803565,"Frank":-0.0377073719,"Gumbel":0.4898050518,"Plackett":0.6624963554,"Gauss Mix Indep":0.1208497566},"2.csv":{"Gaussian":0.476705839,"t_Copula":1.0447179152,"t_Copula_Capped":0.9992647206,"Clayton":-192.0835748755,"Frank":0.118694009,"Gumbel":0.8153203646,"Plackett":0.747604585,"Gauss Mix Indep":0.5060854876},"3.csv":{"Gaussian":0.6739865153,"t_Copula":1.0651268062,"t_Copula_Capped":1.0300659274,"Clayton":-18.6772817045,"Frank":0.1655404348,"Gumbel":0.7612142242,"Plackett":0.809552834,"Gauss Mix Indep":0.6976317339},"4.csv":{"Gaussian":0.4524226468,"t_Copula":1.0214627459,"t_Copula_Capped":0.975442398,"Clayton":-60.5912904122,"Frank":0.1120074991,"Gumbel":0.7833442106,"Plackett":0.748116397,"Gauss Mix Indep":0.4817157372},"5.csv":{"Gaussian":0.7053566688,"t_Copula":1.0668283141,"t_Copula_Capped":1.0345520516,"Clayton":-7.2770892995,"Frank":0.190293848,"Gumbel":0.890541392,"Plackett":0.9046932772,"Gauss Mix Indep":0.9033785281},"6.csv":{"Gaussian":0.5901494071,"t_Copula":1.0705787461,"t_Copula_Capped":1.0295135193,"Clayton":-9.7665059269,"Frank":0.219636368,"Gumbel":0.8644940488,"Plackett":0.8969612149,"Gauss Mix Indep":0.8502388244},"7.csv":{"Gaussian":0.7275867712,"t_Copula":1.041468987,"t_Copula_Capped":1.0143901272,"Clayton":-7.842753183,"Frank":0.1697176864,"Gumbel":0.9067835225,"Plackett":0.9267083447,"Gauss Mix Indep":0.9610499008},"8.csv":{"Gaussian":0.5642828144,"t_Copula":1.0290863538,"t_Copula_Capped":0.9962471189,"Clayton":-7.1049393351,"Frank":0.1989355867,"Gumbel":0.6680778516,"Plackett":0.7999034752,"Gauss Mix Indep":0.590318449},"9.csv":{"Gaussian":0.5512967664,"t_Copula":1.0026335959,"t_Copula_Capped":0.9724994796,"Clayton":-8.7603307132,"Frank":0.1229239335,"Gumbel":0.6753705918,"Plackett":0.7498102755,"Gauss Mix Indep":0.4121046125}}