{"68.csv":{"Gaussian":0.5172669715,"t_Copula":0.5269645836,"t_Copula_Capped":0.5274496308,"Clayton":-0.0670592536,"Frank":0.0751664282,"Gumbel":0.3969029492,"Plackett":0.5609852729,"Gauss Mix Indep":0.5702552321},"6.csv":{"Gaussian":0.3916812321,"t_Copula":0.3988693502,"t_Copula_Capped":0.4331101449,"Clayton":0.4197904118,"Frank":0.2456989217,"Gumbel":0.3431178139,"Plackett":0.4038835442,"Gauss Mix Indep":0.4235459002},"54.csv":{"Gaussian":0.4909658355,"t_Copula":0.5734783544,"t_Copula_Capped":0.5703476318,"Clayton":-0.0001697666,"Frank":-0.1502175429,"Gumbel":0.2922916059,"Plackett":0.4583054192,"Gauss Mix Indep":0.4966522519},"40.csv":{"Gaussian":0.476621934,"t_Copula":0.5610743472,"t_Copula_Capped":0.5611493267,"Clayton":-0.2722328416,"Frank":-0.1724988967,"Gumbel":0.2741933358,"Plackett":0.4336737468,"Gauss Mix Indep":0.4547515871},"41.csv":{"Gaussian":0.5013897277,"t_Copula":0.5706116801,"t_Copula_Capped":0.5686781778,"Clayton":0.072867371,"Frank":-0.0418554314,"Gumbel":0.3098946157,"Plackett":0.4639866248,"Gauss Mix Indep":0.5026210407},"7.csv":{"Gaussian":0.4135316485,"t_Copula":0.4523736188,"t_Copula_Capped":0.4524735138,"Clayton":0.4295102448,"Frank":0.2513587127,"Gumbel":0.3637886283,"Plackett":0.4199979869,"Gauss Mix Indep":0.4402202104},"55.csv":{"Gaussian":0.4833307945,"t_Copula":0.5779755302,"t_Copula_Capped":0.5741191438,"Clayton":-0.1650879426,"Frank":-0.1857026887,"Gumbel":0.2846216115,"Plackett":0.4639877555,"Gauss Mix Indep":0.4971078696},"69.csv":{"Gaussian":0.5245268582,"t_Copula":0.5346120795,"t_Copula_Capped":0.5346120901,"Clayton":-0.2540169851,"Frank":0.0389853669,"Gumbel":0.4051258831,"Plackett":0.5647194917,"Gauss Mix Indep":0.577372611},"80.csv":{"Gaussian":0.5004531958,"t_Copula":0.5806259591,"t_Copula_Capped":0.5806259526,"Clayton":-0.6553584326,"Frank":-0.070120655,"Gumbel":0.3746530358,"Plackett":0.5227827782,"Gauss Mix Indep":0.5426263944},"43.csv":{"Gaussian":0.4961770607,"t_Copula":0.5683054286,"t_Copula_Capped":0.5665238839,"Clayton":0.1335177605,"Frank":-0.0776646854,"Gumbel":0.2997889898,"Plackett":0.4663532169,"Gauss Mix Indep":0.5034380841},"57.csv":{"Gaussian":0.4899575155,"t_Copula":0.5773144355,"t_Copula_Capped":0.5736489198,"Clayton":-0.1267592233,"Frank":-0.1352176728,"Gumbel":0.3118557652,"Plackett":0.4710834749,"Gauss Mix Indep":0.5045103618},"5.csv":{"Gaussian":0.3895045948,"t_Copula":0.4229874281,"t_Copula_Capped":0.4241139605,"Clayton":0.4220357933,"Frank":0.2687404726,"Gumbel":0.3289478469,"Plackett":0.405703039,"Gauss Mix Indep":0.4144874691},"56.csv":{"Gaussian":0.4823261373,"t_Copula":0.5780475732,"t_Copula_Capped":0.5737557056,"Clayton":-0.1608248863,"Frank":-0.1925357326,"Gumbel":0.2853493158,"Plackett":0.4625620394,"Gauss Mix Indep":0.4951715521},"4.csv":{"Gaussian":0.3879490359,"t_Copula":0.428354095,"t_Copula_Capped":0.4290961349,"Clayton":0.4258368124,"Frank":0.2286522824,"Gumbel":0.3226335403,"Plackett":0.4031321602,"Gauss Mix Indep":0.4136508149},"42.csv":{"Gaussian":0.5021736663,"t_Copula":0.5791785371,"t_Copula_Capped":0.580285006,"Clayton":-0.097899936,"Frank":-0.1643865796,"Gumbel":0.2508100199,"Plackett":0.4520217604,"Gauss Mix Indep":0.4780431472},"46.csv":{"Gaussian":0.4450660724,"t_Copula":0.533575463,"t_Copula_Capped":0.5293812808,"Clayton":-0.0128376445,"Frank":-0.2379174555,"Gumbel":0.2385832861,"Plackett":0.406132613,"Gauss Mix Indep":0.4285511257},"0.csv":{"Gaussian":0.377987949,"t_Copula":0.3932840312,"t_Copula_Capped":0.3932840318,"Clayton":0.3586307997,"Frank":0.2991750232,"Gumbel":0.3271411588,"Plackett":0.3983923957,"Gauss Mix Indep":0.3922361401},"52.csv":{"Gaussian":0.470080957,"t_Copula":0.5377867962,"t_Copula_Capped":0.5377868077,"Clayton":0.1521320558,"Frank":-0.1790640381,"Gumbel":0.2638929877,"Plackett":0.4188897072,"Gauss Mix Indep":0.4632634481},"1.csv":{"Gaussian":0.3863010588,"t_Copula":0.4271430776,"t_Copula_Capped":0.4283588106,"Clayton":0.415600865,"Frank":0.2003508629,"Gumbel":0.3224764984,"Plackett":0.3955532966,"Gauss Mix Indep":0.4085610875},"53.csv":{"Gaussian":0.4898343986,"t_Copula":0.5498874887,"t_Copula_Capped":0.5498874925,"Clayton":0.1889447696,"Frank":-0.0927219877,"Gumbel":0.3073700217,"Plackett":0.4495432201,"Gauss Mix Indep":0.4977812581},"47.csv":{"Gaussian":0.4395044572,"t_Copula":0.5311898719,"t_Copula_Capped":0.5275787684,"Clayton":-0.0693981618,"Frank":-0.2947160538,"Gumbel":0.2110205005,"Plackett":0.3914608116,"Gauss Mix Indep":0.4101341593},"51.csv":{"Gaussian":0.4653372701,"t_Copula":0.5300047,"t_Copula_Capped":0.530004689,"Clayton":0.1426957407,"Frank":-0.1965163404,"Gumbel":0.2512440102,"Plackett":0.4032242181,"Gauss Mix Indep":0.4446876525},"3.csv":{"Gaussian":0.3900550973,"t_Copula":0.4308452878,"t_Copula_Capped":0.4314852488,"Clayton":0.4237353469,"Frank":0.2345217466,"Gumbel":0.3279152096,"Plackett":0.4089442377,"Gauss Mix Indep":0.4171656545},"45.csv":{"Gaussian":0.4723876879,"t_Copula":0.5529016181,"t_Copula_Capped":0.5495889446,"Clayton":-0.0000249186,"Frank":-0.1800649736,"Gumbel":0.2631797353,"Plackett":0.4321330436,"Gauss Mix Indep":0.4633045808},"79.csv":{"Gaussian":0.5053857103,"t_Copula":0.5918834397,"t_Copula_Capped":0.5918834397,"Clayton":-1.3776773667,"Frank":-0.1608294279,"Gumbel":0.3729028437,"Plackett":0.5202098916,"Gauss Mix Indep":0.5343031736},"78.csv":{"Gaussian":0.5269309974,"t_Copula":0.5399421696,"t_Copula_Capped":0.5399421422,"Clayton":-0.9936637882,"Frank":-0.0560823529,"Gumbel":0.3972731797,"Plackett":0.5591762488,"Gauss Mix Indep":0.5810385696},"44.csv":{"Gaussian":0.4749870516,"t_Copula":0.5014169657,"t_Copula_Capped":0.5314233348,"Clayton":0.1160612562,"Frank":-0.1438441059,"Gumbel":0.2740651879,"Plackett":0.4283057331,"Gauss Mix Indep":0.4618265406},"50.csv":{"Gaussian":0.4807779403,"t_Copula":0.5375368793,"t_Copula_Capped":0.5375368809,"Clayton":0.1405491988,"Frank":-0.1551011437,"Gumbel":0.2637259955,"Plackett":0.4206645277,"Gauss Mix Indep":0.4652043046},"2.csv":{"Gaussian":0.3839064965,"t_Copula":0.4253462922,"t_Copula_Capped":0.4261130018,"Clayton":0.4117395499,"Frank":0.2232385473,"Gumbel":0.3272910636,"Plackett":0.402068474,"Gauss Mix Indep":0.4102185787},"37.csv":{"Gaussian":0.5095481533,"t_Copula":0.5594897682,"t_Copula_Capped":0.5591120462,"Clayton":0.2911348051,"Frank":0.0479486416,"Gumbel":0.3167541543,"Plackett":0.4691980501,"Gauss Mix Indep":0.4992497896},"23.csv":{"Gaussian":0.5271572797,"t_Copula":0.5694407665,"t_Copula_Capped":0.5697100855,"Clayton":0.3325757674,"Frank":0.1591822943,"Gumbel":0.4085176855,"Plackett":0.4996822203,"Gauss Mix Indep":0.553327189},"22.csv":{"Gaussian":0.5254558782,"t_Copula":0.5636036487,"t_Copula_Capped":0.5643450166,"Clayton":0.3195617935,"Frank":0.1468093633,"Gumbel":0.4054988196,"Plackett":0.4856342809,"Gauss Mix Indep":0.5459794916},"36.csv":{"Gaussian":0.4944058494,"t_Copula":0.5575698026,"t_Copula_Capped":0.5602441265,"Clayton":-0.0313704567,"Frank":-0.045519451,"Gumbel":0.3076950756,"Plackett":0.4735979387,"Gauss Mix Indep":0.4983508952},"20.csv":{"Gaussian":0.5310995186,"t_Copula":0.5444016713,"t_Copula_Capped":0.5444016762,"Clayton":0.5127483211,"Frank":0.309998845,"Gumbel":0.4418696028,"Plackett":0.5085764741,"Gauss Mix Indep":0.5422043945},"34.csv":{"Gaussian":0.4807755574,"t_Copula":0.5345316999,"t_Copula_Capped":0.5395642962,"Clayton":0.1732746343,"Frank":-0.0019212349,"Gumbel":0.3174660066,"Plackett":0.4567096153,"Gauss Mix Indep":0.4845333159},"35.csv":{"Gaussian":0.5020634461,"t_Copula":0.5516050313,"t_Copula_Capped":0.5515458366,"Clayton":0.3369032195,"Frank":0.0918021945,"Gumbel":0.3305973629,"Plackett":0.4903626854,"Gauss Mix Indep":0.5202585277},"21.csv":{"Gaussian":0.52831898,"t_Copula":0.5533749973,"t_Copula_Capped":0.5533749984,"Clayton":0.5142985049,"Frank":0.2729115912,"Gumbel":0.4204423032,"Plackett":0.5071553869,"Gauss Mix Indep":0.5480400319},"25.csv":{"Gaussian":0.5112415256,"t_Copula":0.5430546748,"t_Copula_Capped":0.5445546318,"Clayton":0.3403292536,"Frank":0.1196323798,"Gumbel":0.3738392229,"Plackett":0.468900413,