{"68.csv":{"Gaussian":163.9508252159,"t_Copula":166.4959314741,"t_Copula_Capped":166.6213239436,"Clayton":-20.1065867349,"Frank":23.9546122628,"Gumbel":135.9530426731,"Plackett":168.9024700552,"Gauss Mix Indep":176.7482735724},"6.csv":{"Gaussian":121.3884698417,"t_Copula":123.3564908577,"t_Copula_Capped":132.4765582709,"Clayton":125.8799614551,"Frank":74.5233325872,"Gumbel":109.7432328113,"Plackett":121.3603646542,"Gauss Mix Indep":128.750538926},"54.csv":{"Gaussian":145.2403493822,"t_Copula":172.3044831991,"t_Copula_Capped":171.3469487398,"Clayton":-0.0254142246,"Frank":-43.267045001,"Gumbel":106.4494119349,"Plackett":138.2989720129,"Gauss Mix Indep":154.2919014088},"40.csv":{"Gaussian":146.8099413396,"t_Copula":163.5751790208,"t_Copula_Capped":163.5751848392,"Clayton":88.3348566558,"Frank":13.8118735082,"Gumbel":113.7474071608,"Plackett":143.0405595295,"Gauss Mix Indep":156.1720630658},"41.csv":{"Gaussian":147.9747120791,"t_Copula":164.3964730403,"t_Copula_Capped":164.3964746966,"Clayton":87.3557477365,"Frank":17.8041078028,"Gumbel":115.4863392031,"Plackett":145.3206066262,"Gauss Mix Indep":158.1479911089},"7.csv":{"Gaussian":127.6088175877,"t_Copula":137.9842213363,"t_Copula_Capped":138.1049158111,"Clayton":128.791976516,"Frank":76.2377362309,"Gumbel":116.032129337,"Plackett":126.1723772991,"Gauss Mix Indep":133.8282226358},"55.csv":{"Gaussian":143.0222807784,"t_Copula":173.6595471034,"t_Copula_Capped":172.4911195109,"Clayton":-49.4957847527,"Frank":-53.9062796509,"Gumbel":104.7734650938,"Plackett":140.0296972528,"Gauss Mix Indep":154.7149327543},"69.csv":{"Gaussian":165.5096478983,"t_Copula":168.3428939889,"t_Copula_Capped":168.3428932207,"Clayton":-76.2061818869,"Frank":13.1045427307,"Gumbel":138.4231422711,"Plackett":169.9997989699,"Gauss Mix Indep":179.5728427385},"80.csv":{"Gaussian":159.1584062207,"t_Copula":181.5296003246,"t_Copula_Capped":181.529602675,"Clayton":-196.5884500019,"Frank":-19.3459612208,"Gumbel":130.2942881166,"Plackett":157.5192041955,"Gauss Mix Indep":170.374165124},"43.csv":{"Gaussian":152.6708981954,"t_Copula":168.0310303175,"t_Copula_Capped":168.0310223576,"Clayton":89.314360882,"Frank":8.9271751125,"Gumbel":115.9826091201,"Plackett":146.4752382062,"Gauss Mix Indep":161.7692711609},"57.csv":{"Gaussian":145.2390420103,"t_Copula":173.4207828283,"t_Copula_Capped":172.3243673261,"Clayton":-38.0026722816,"Frank":-38.8174060567,"Gumbel":111.8107361624,"Plackett":142.0767880033,"Gauss Mix Indep":156.5679141528},"5.csv":{"Gaussian":121.0968770108,"t_Copula":129.6061369496,"t_Copula_Capped":130.0425894467,"Clayton":126.5514922209,"Frank":81.3929513631,"Gumbel":106.6941651923,"Plackett":121.988115964,"Gauss Mix Indep":126.8251265271},"56.csv":{"Gaussian":142.8341416157,"t_Copula":173.6817049748,"t_Copula_Capped":172.392047565,"Clayton":-48.2196710046,"Frank":-55.8515371077,"Gumbel":104.9418792756,"Plackett":139.595042403,"Gauss Mix Indep":154.1865664006},"4.csv":{"Gaussian":120.8050710667,"t_Copula":131.2443126477,"t_Copula_Capped":131.5813862476,"Clayton":127.7007579322,"Frank":69.4875650614,"Gumbel":105.6551584108,"Plackett":121.2619954503,"Gauss Mix Indep":126.6173232778},"42.csv":{"Gaussian":153.8692512127,"t_Copula":167.2142666632,"t_Copula_Capped":167.2142642547,"Clayton":94.6664322654,"Frank":17.9627951877,"Gumbel":113.2916650205,"Plackett":149.3416348332,"Gauss Mix Indep":163.000255645},"46.csv":{"Gaussian":138.6442896819,"t_Copula":160.2723559647,"t_Copula_Capped":160.2723577664,"Clayton":58.5089009379,"Frank":-34.6530369805,"Gumbel":99.1273265136,"Plackett":129.3472963592,"Gauss Mix Indep":144.6372388827},"0.csv":{"Gaussian":117.3120583066,"t_Copula":120.9923310979,"t_Copula_Capped":120.9923309417,"Clayton":107.5201521687,"Frank":90.377719677,"Gumbel":105.0832270613,"Plackett":119.7314120514,"Gauss Mix Indep":119.902343465},"52.csv":{"Gaussian":139.5518654659,"t_Copula":162.0929088083,"t_Copula_Capped":162.0929091745,"Clayton":45.6646543292,"Frank":-51.9443533445,"Gumbel":97.0690770386,"Plackett":126.4148693061,"Gauss Mix Indep":143.6534724197},"1.csv":{"Gaussian":122.0552302272,"t_Copula":130.8451753056,"t_Copula_Capped":130.8451749897,"Clayton":125.1596103404,"Frank":74.0971982604,"Gumbel":107.9859425138,"Plackett":121.8571771758,"Gauss Mix Indep":127.03392937},"53.csv":{"Gaussian":145.492700199,"t_Copula":165.583715531,"t_Copula_Capped":165.5837138929,"Clayton":56.6945104919,"Frank":-26.143135653,"Gumbel":109.2113771702,"Plackett":135.5403778055,"Gauss Mix Indep":153.3956800228},"47.csv":{"Gaussian":137.5197620689,"t_Copula":159.8370675961,"t_Copula_Capped":159.8370627841,"Clayton":44.7708039009,"Frank":-49.2778504088,"Gumbel":92.9075092026,"Plackett":125.6408039043,"Gauss Mix Indep":141.6217176679},"51.csv":{"Gaussian":138.0184331974,"t_Copula":159.8051513749,"t_Copula_Capped":159.8051505579,"Clayton":42.8409043449,"Frank":-57.1046635707,"Gumbel":93.3078127042,"Plackett":121.7417581889,"Gauss Mix Indep":138.1741994737},"3.csv":{"Gaussian":122.840736155,"t_Copula":131.6041394396,"t_Copula_Capped":131.6041394278,"Clayton":127.2219189671,"Frank":82.8439642,"Gumbel":108.9398594415,"Plackett":125.4224317788,"Gauss Mix Indep":128.6253359103},"45.csv":{"Gaussian":146.3563799135,"t_Copula":164.5036367032,"t_Copula_Capped":164.5036512777,"Clayton":62.3001573809,"Frank":-18.5156405144,"Gumbel":106.3594501229,"Plackett":136.9531139251,"Gauss Mix Indep":153.0759040627},"79.csv":{"Gaussian":167.0532089601,"t_Copula":170.2365861785,"t_Copula_Capped":170.2365948071,"Clayton":-230.7019914937,"Frank":-10.5171079985,"Gumbel":137.9077187163,"Plackett":163.4870385424,"Gauss Mix Indep":179.3854321798},"78.csv":{"Gaussian":171.9912735358,"t_Copula":174.878336769,"t_Copula_Capped":174.8731518888,"Clayton":-148.2916707782,"Frank":16.0848357345,"Gumbel":144.0029511299,"Plackett":173.8089358715,"Gauss Mix Indep":185.9064933563},"44.csv":{"Gaussian":146.6067599195,"t_Copula":163.8330704241,"t_Copula_Capped":150.3902587649,"Clayton":84.1937381177,"Frank":-9.3364103863,"Gumbel":108.5279437564,"Plackett":135.566677244,"Gauss Mix Indep":152.1574306021},"50.csv":{"Gaussian":142.7160094772,"t_Copula":161.9690153216,"t_Copula_Capped":161.9690184135,"Clayton":42.1967737119,"Frank":-44.7714728401,"Gumbel":97.2269956093,"Plackett":126.9756997559,"Gauss Mix Indep":143.9946975661},"2.csv":{"Gaussian":121.0227205266,"t_Copula":129.9644110591,"t_Copula_Capped":129.9644102006,"Clayton":123.5626452659,"Frank":79.6462307634,"Gumbel":108.5234051446,"Plackett":123.3648146152,"Gauss Mix Indep":126.6389853778},"37.csv":{"Gaussian":150.1277199458,"t_Copula":162.8101837535,"t_Copula_Capped":162.8101855359,"Clayton":129.6235970673,"Frank":40.9001813062,"Gumbel":115.810898778,"Plackett":146.249638669,"Gauss Mix Indep":155.9247522258},"23.csv":{"Gaussian":159.0669381836,"t_Copula":170.7548719801,"t_Copula_Capped":170.7548724442,"Clayton":135.1594658458,"Frank":70.0271818008,"Gumbel":138.3820013997,"Plackett":154.4111500575,"Gauss Mix Indep":169.0382510109},"22.csv":{"Gaussian":158.6244472699,"t_Copula":169.7150973579,"t_Copula_Capped":169.7150978605,"Clayton":131.6645576014,"Frank":66.7078889988,"Gumbel":137.5054867478,"Plackett":150.5109919424,"Gauss Mix Indep":167.5870278636},"36.csv":{"Gaussian":153.4022456022,"t_Copula":171.3071127063,"t_Copula_Capped":171.2390195687,"Clayton":72.742332166,"Frank":18.8542665288,"Gumbel":115.9422259832,"Plackett":148.7345454332,"Gauss Mix Indep":160.6426858583},"20.csv":{"Gaussian":158.2635040677,"t_Copula":163.3754251895,"t_Copula_Capped":163.3754288683,"Clayton":153.7669882449,"Frank":93.8381294317,"Gumbel":141.4671811219,"Plackett":152.7528757666,"Gauss Mix Indep":162.7420943749},"34.csv":{"Gaussian":152.2557279809,"t_Copula":164.0555540982,"t_Copula_Capped":164.0555536418,"Clayton":138.4290826606,"Frank":52.0463426357,"Gumbel":121.9790014209,"Plackett":147.6745931099,"Gauss Mix Indep":158.5461546919},"35.csv":{"Gaussian":154.6630760178,"t_Copula":166.2012216167,"t_Copula_Capped":166.2012259031,"Clayton":135.5028055144,