{"0.csv":{"Gaussian":0.3336590459,"t_Copula":0.5126458159,"t_Copula_Capped":0.4968095198,"Clayton":-1.7766691866,"Frank":-0.2569492063,"Gumbel":0.4079393584,"Plackett":0.3992855012,"Gauss Mix Indep":0.381925545},"1.csv":{"Gaussian":0.3187460686,"t_Copula":0.5025535918,"t_Copula_Capped":0.4856952257,"Clayton":-1.1921835814,"Frank":-0.2333140678,"Gumbel":0.3861353879,"Plackett":0.4000936187,"Gauss Mix Indep":0.3955428021},"2.csv":{"Gaussian":0.3166692946,"t_Copula":0.5088601619,"t_Copula_Capped":0.4889470317,"Clayton":-0.8431695397,"Frank":-0.1896753009,"Gumbel":0.3892058033,"Plackett":0.4222890483,"Gauss Mix Indep":0.4259622967},"3.csv":{"Gaussian":0.2921669627,"t_Copula":0.5089977608,"t_Copula_Capped":0.4867303453,"Clayton":-1.0834427354,"Frank":-0.3041510368,"Gumbel":0.3635216287,"Plackett":0.4037737547,"Gauss Mix Indep":0.3605509821},"4.csv":{"Gaussian":0.2962329575,"t_Copula":0.5143031538,"t_Copula_Capped":0.4921981859,"Clayton":-1.0093706395,"Frank":-0.3071921971,"Gumbel":0.3521069964,"Plackett":0.4122977483,"Gauss Mix Indep":0.3917890364},"5.csv":{"Gaussian":0.2991902521,"t_Copula":0.5081204798,"t_Copula_Capped":0.4843155052,"Clayton":-0.9976924216,"Frank":-0.313571368,"Gumbel":0.355794437,"Plackett":0.4013291441,"Gauss Mix Indep":0.3804829049},"6.csv":{"Gaussian":0.3120075859,"t_Copula":0.5122761082,"t_Copula_Capped":0.4891595299,"Clayton":-0.9285172507,"Frank":-0.2690569504,"Gumbel":0.370737746,"Plackett":0.412350657,"Gauss Mix Indep":0.409099067},"7.csv":{"Gaussian":0.3795266495,"t_Copula":0.4444334284,"t_Copula_Capped":0.4444334423,"Clayton":0.3489120934,"Frank":0.1372826232,"Gumbel":0.4170442924,"Plackett":0.443913113,"Gauss Mix Indep":0.465790257}}