{"0.csv":{"Gaussian":{"rho":0.8685534475},"t_Copula":{"rho":0.7984046178,"nu":2.0},"t_Copula_Capped":{"rho":0.8332042259,"nu":4.0},"Clayton":{"theta":10.9478477844},"Frank":{"theta":20.0032659318},"Gumbel":{"theta":3.0104224204},"Plackett":{"theta":55.8648305099},"Gauss Mix Indep":{"rho":0.9754684757,"p":0.745360181}},"1.csv":{"Gaussian":{"rho":0.8642224866},"t_Copula":{"rho":0.792611377,"nu":2.0},"t_Copula_Capped":{"rho":0.8280905804,"nu":4.0},"Clayton":{"theta":9.1544700412},"Frank":{"theta":19.4305978162},"Gumbel":{"theta":2.9746841398},"Plackett":{"theta":53.0334094589},"Gauss Mix Indep":{"rho":0.9736026875,"p":0.7430209108}},"2.csv":{"Gaussian":{"rho":0.8612872148},"t_Copula":{"rho":0.7882896762,"nu":2.0},"t_Copula_Capped":{"rho":0.8244215636,"nu":4.0},"Clayton":{"theta":8.0880620727},"Frank":{"theta":19.0285772992},"Gumbel":{"theta":2.9404208896},"Plackett":{"theta":51.1936371876},"Gauss Mix Indep":{"rho":0.9733856931,"p":0.737731726}},"3.csv":{"Gaussian":{"rho":0.8703117618},"t_Copula":{"rho":0.8006909401,"nu":2.0},"t_Copula_Capped":{"rho":0.8352484316,"nu":4.0},"Clayton":{"theta":9.0041773716},"Frank":{"theta":20.3077260611},"Gumbel":{"theta":3.0866100256},"Plackett":{"theta":56.9769700507},"Gauss Mix Indep":{"rho":0.9815486224,"p":0.729622362}},"4.csv":{"Gaussian":{"rho":0.8730188263},"t_Copula":{"rho":0.8056842449,"nu":2.0},"t_Copula_Capped":{"rho":0.8391311611,"nu":4.0},"Clayton":{"theta":9.0137499599},"Frank":{"theta":20.703431496},"Gumbel":{"theta":3.1608063645},"Plackett":{"theta":58.37611738},"Gauss Mix Indep":{"rho":0.9784085664,"p":0.744413387}},"5.csv":{"Gaussian":{"rho":0.8692127849},"t_Copula":{"rho":0.7997199036,"nu":2.0},"t_Copula_Capped":{"rho":0.8342232707,"nu":4.0},"Clayton":{"theta":8.9221553521},"Frank":{"theta":20.1748632626},"Gumbel":{"theta":3.0715529843},"Plackett":{"theta":56.0664333011},"Gauss Mix Indep":{"rho":0.9799308564,"p":0.7330966479}},"6.csv":{"Gaussian":{"rho":0.866691849},"t_Copula":{"rho":0.7961101413,"nu":2.0},"t_Copula_Capped":{"rho":0.8311167288,"nu":4.0},"Clayton":{"theta":8.6857264704},"Frank":{"theta":19.7949999987},"Gumbel":{"theta":3.0279259421},"Plackett":{"theta":54.4365539551},"Gauss Mix Indep":{"rho":0.9774855504,"p":0.7358751603}},"7.csv":{"Gaussian":{"rho":0.8081338452},"t_Copula":{"rho":0.7839945364,"nu":7.613535619},"t_Copula_Capped":{"rho":0.7839945277,"nu":7.6135320779},"Clayton":{"theta":2.0454614788},"Frank":{"theta":13.9659016277},"Gumbel":{"theta":2.4049179896},"Plackett":{"theta":30.7062934751},"Gauss Mix Indep":{"rho":0.8900974923,"p":0.8253640033}}}