{"0.csv":{"Gaussian":1.1068939042,"t_Copula":1.2001096037,"t_Copula_Capped":1.1894114546,"Clayton":0.9811623944,"Frank":1.0191256503,"Gumbel":1.097621863,"Plackett":1.1502322635,"Gauss Mix Indep":1.1535184258},"1.csv":{"Gaussian":0.9663484323,"t_Copula":1.1083784889,"t_Copula_Capped":1.0836898706,"Clayton":0.8189112129,"Frank":0.9181662913,"Gumbel":1.021149222,"Plackett":1.0616325469,"Gauss Mix Indep":1.0529148258},"10.csv":{"Gaussian":0.8393961635,"t_Copula":0.9430464317,"t_Copula_Capped":0.9271589405,"Clayton":0.7187002455,"Frank":0.7846337759,"Gumbel":0.8671200394,"Plackett":0.9079217449,"Gauss Mix Indep":0.9141420931},"11.csv":{"Gaussian":0.8994487934,"t_Copula":1.0122558364,"t_Copula_Capped":0.9933541795,"Clayton":0.8009764663,"Frank":0.8241334772,"Gumbel":0.9205533975,"Plackett":0.9664565557,"Gauss Mix Indep":0.978966222},"2.csv":{"Gaussian":0.9323450224,"t_Copula":1.0653414877,"t_Copula_Capped":1.0421152508,"Clayton":0.7874271403,"Frank":0.8749508705,"Gumbel":0.9868470798,"Plackett":1.0080051317,"Gauss Mix Indep":1.0118516766},"3.csv":{"Gaussian":0.933931545,"t_Copula":1.0558212448,"t_Copula_Capped":1.0336043623,"Clayton":0.800045375,"Frank":0.8902817898,"Gumbel":0.9631946422,"Plackett":1.0149201211,"Gauss Mix Indep":0.9952172766},"4.csv":{"Gaussian":0.9325827716,"t_Copula":1.0693261573,"t_Copula_Capped":1.0445530252,"Clayton":0.7815652835,"Frank":0.8698906829,"Gumbel":0.999107679,"Plackett":1.007639041,"Gauss Mix Indep":1.0215528517},"5.csv":{"Gaussian":0.9519484898,"t_Copula":1.0933625602,"t_Copula_Capped":1.0674364044,"Clayton":0.7929403247,"Frank":0.8933324565,"Gumbel":1.0245862595,"Plackett":1.0355831884,"Gauss Mix Indep":1.0468973677},"6.csv":{"Gaussian":0.9323072749,"t_Copula":1.098782445,"t_Copula_Capped":1.066997963,"Clayton":0.7832072557,"Frank":0.8965602932,"Gumbel":1.0168485994,"Plackett":1.0514346413,"Gauss Mix Indep":1.0614337997},"7.csv":{"Gaussian":0.9117773888,"t_Copula":1.0642213582,"t_Copula_Capped":1.0383304568,"Clayton":0.7613010613,"Frank":0.8847694581,"Gumbel":0.9859252413,"Plackett":1.0224737666,"Gauss Mix Indep":1.0308158316},"8.csv":{"Gaussian":0.9519633421,"t_Copula":1.0715902141,"t_Copula_Capped":1.0538686884,"Clayton":0.8057724536,"Frank":0.8976176399,"Gumbel":0.9958869493,"Plackett":1.0341376769,"Gauss Mix Indep":1.0357778384},"9.csv":{"Gaussian":0.9285997917,"t_Copula":1.0445807595,"t_Copula_Capped":1.0287153542,"Clayton":0.7886891135,"Frank":0.8755728751,"Gumbel":0.9696385683,"Plackett":1.0055207693,"Gauss Mix Indep":1.0159373569}}