{"0.csv":{"Gaussian":{"rho":0.9732890488},"t_Copula":{"rho":0.956858378,"nu":2.0},"t_Copula_Capped":{"rho":0.9652163461,"nu":4.0},"Clayton":{"theta":130.3211593016},"Frank":{"theta":38.2435110122},"Gumbel":{"theta":6.4899429818},"Plackett":{"theta":468.9098740879},"Gauss Mix Indep":{"rho":0.995231229,"p":0.9046431488}},"1.csv":{"Gaussian":{"rho":0.9712982766},"t_Copula":{"rho":0.9537443738,"nu":2.0},"t_Copula_Capped":{"rho":0.9626545631,"nu":4.0},"Clayton":{"theta":77.0690422202},"Frank":{"theta":38.2435110122},"Gumbel":{"theta":6.7370082431},"Plackett":{"theta":425.6041555458},"Gauss Mix Indep":{"rho":0.9941222746,"p":0.9045107185}},"10.csv":{"Gaussian":{"rho":0.9732106925},"t_Copula":{"rho":0.9568715998,"nu":2.0},"t_Copula_Capped":{"rho":0.9651040004,"nu":4.0},"Clayton":{"theta":84.5670238933},"Frank":{"theta":38.2435110122},"Gumbel":{"theta":6.8911721986},"Plackett":{"theta":467.027969048},"Gauss Mix Indep":{"rho":0.9958099427,"p":0.8996799974}},"11.csv":{"Gaussian":{"rho":0.9734092228},"t_Copula":{"rho":0.9570978579,"nu":2.0},"t_Copula_Capped":{"rho":0.9653885907,"nu":4.0},"Clayton":{"theta":84.8401028945},"Frank":{"theta":38.2435110122},"Gumbel":{"theta":6.9171834284},"Plackett":{"theta":467.9758127833},"Gauss Mix Indep":{"rho":0.995522736,"p":0.902176516}},"12.csv":{"Gaussian":{"rho":0.9754842556},"t_Copula":{"rho":0.9603998125,"nu":2.0},"t_Copula_Capped":{"rho":0.9681294207,"nu":4.0},"Clayton":{"theta":85.9387467546},"Frank":{"theta":38.2435110122},"Gumbel":{"theta":7.2853070092},"Plackett":{"theta":518.6166104686},"Gauss Mix Indep":{"rho":0.9962046389,"p":0.9049707473}},"13.csv":{"Gaussian":{"rho":0.9681993755},"t_Copula":{"rho":0.9505869403,"nu":2.0},"t_Copula_Capped":{"rho":0.9594824418,"nu":4.0},"Clayton":{"theta":50.1490355977},"Frank":{"theta":38.3172319679},"Gumbel":{"theta":6.7510902507},"Plackett":{"theta":341.2048404738},"Gauss Mix Indep":{"rho":0.9885423716,"p":0.924429866}},"14.csv":{"Gaussian":{"rho":0.9682315227},"t_Copula":{"rho":0.9505240851,"nu":2.0},"t_Copula_Capped":{"rho":0.9594368568,"nu":4.0},"Clayton":{"theta":50.1673027811},"Frank":{"theta":38.3172319679},"Gumbel":{"theta":6.754865889},"Plackett":{"theta":341.3681782023},"Gauss Mix Indep":{"rho":0.9884257874,"p":0.9250982937}},"15.csv":{"Gaussian":{"rho":0.9681672126},"t_Copula":{"rho":0.9505240851,"nu":2.0},"t_Copula_Capped":{"rho":0.9594368568,"nu":4.0},"Clayton":{"theta":50.1307765445},"Frank":{"theta":38.3172319679},"Gumbel":{"theta":6.7473180149},"Plackett":{"theta":341.0530644356},"Gauss Mix Indep":{"rho":0.9886500204,"p":0.9238104783}},"16.csv":{"Gaussian":{"rho":0.9657795742},"t_Copula":{"rho":0.9467879804,"nu":2.0},"t_Copula_Capped":{"rho":0.9563673155,"nu":4.0},"Clayton":{"theta":49.6169290919},"Frank":{"theta":38.3172319679},"Gumbel":{"theta":6.4196768662},"Plackett":{"theta":312.6542334963},"Gauss Mix Indep":{"rho":0.9874184819,"p":0.921393904}},"17.csv":{"Gaussian":{"rho":0.9656317501},"t_Copula":{"rho":0.9467879804,"nu":2.0},"t_Copula_Capped":{"rho":0.9563673155,"nu":4.0},"Clayton":{"theta":49.5370106124},"Frank":{"theta":38.3172319679},"Gumbel":{"theta":6.4044383559},"Plackett":{"theta":312.0127205349},"Gauss Mix Indep":{"rho":0.9879375686,"p":0.9185152331}},"18.csv":{"Gaussian":{"rho":0.9655786735},"t_Copula":{"rho":0.9464083612,"nu":2.0},"t_Copula_Capped":{"rho":0.9564134604,"nu":4.0},"Clayton":{"theta":49.5083869369},"Frank":{"theta":38.3172319679},"Gumbel":{"theta":6.3989894429},"Plackett":{"theta":311.7412032598},"Gauss Mix Indep":{"rho":0.9881545636,"p":0.9172988494}},"19.csv":{"Gaussian":{"rho":0.9658121339},"t_Copula":{"rho":0.9468491831,"nu":2.0},"t_Copula_Capped":{"rho":0.9564134604,"nu":4.0},"Clayton":{"theta":49.6345728635},"Frank":{"theta":38.3172319679},"Gumbel":{"theta":6.4230456395},"Plackett":{"theta":312.5048736055},"Gauss Mix Indep":{"rho":0.9875403256,"p":0.9207220421}},"2.csv":{"Gaussian":{"rho":0.9671918038},"t_Copula":{"rho":0.9489474313,"nu":2.0},"t_Copula_Capped":{"rho":0.9585406785,"nu":4.0},"Clayton":{"theta":69.7314249455},"Frank":{"theta":38.2435110122},"Gumbel":{"theta":6.2990490237},"Plackett":{"theta":354.1560716593},"Gauss Mix Indep":{"rho":0.9915241703,"p":0.9044949063}},"20.csv":{"Gaussian":{"rho":0.9633430079},"t_Copula":{"rho":0.9429936368,"nu":2.0},"t_Copula_Capped":{"rho":0.9532408807,"nu":4.0},"Clayton":{"theta":46.006100469},"Frank":{"theta":38.3172319679},"Gumbel":{"theta":6.2529620412},"Plackett":{"theta":286.9948044169},"Gauss Mix Indep":{"rho":0.9864362732,"p":0.9172969643}},"21.csv":{"Gaussian":{"rho":0.9657076195},"t_Copula":{"rho":0.9466518771,"nu":2.0},"t_Copula_Capped":{"rho":0.9562653404,"nu":4.0},"Clayton":{"theta":49.577991521},"Frank":{"theta":38.3172319679},"Gumbel":{"theta":6.4122476282},"Plackett":{"theta":311.8095926274},"Gauss Mix Indep":{"rho":0.988100033,"p":0.9176052688}},"22.csv":{"Gaussian":{"rho":0.9687858247},"t_Copula":{"rho":0.9506834852,"nu":2.0},"t_Copula_Capped":{"rho":0.9598380618,"nu":4.0},"Clayton":{"theta":60.5505986326},"Frank":{"theta":38.2435110122},"Gumbel":{"theta":6.5969205704},"Plackett":{"theta":362.0064261179},"Gauss Mix Indep":{"rho":0.9915674521,"p":0.9097305596}},"23.csv":{"Gaussian":{"rho":0.9737296881},"t_Copula":{"rho":0.9577071403,"nu":2.0},"t_Copula_Capped":{"rho":0.9658477422,"nu":4.0},"Clayton":{"theta":78.3716692806},"Frank":{"theta":38.2435110122},"Gumbel":{"theta":7.12674254},"Plackett":{"theta":468.3803276759},"Gauss Mix Indep":{"rho":0.9953975058,"p":0.9032440978}},"24.csv":{"Gaussian":{"rho":0.9756771034},"t_Copula":{"rho":0.9607720309,"nu":2.0},"t_Copula_Capped":{"rho":0.9683606737,"nu":4.0},"Clayton":{"theta":86.2231967562},"Frank":{"theta":38.2435110122},"Gumbel":{"theta":7.3145079812},"Plackett":{"theta":518.1666891272},"Gauss Mix Indep":{"rho":0.9963182387,"p":0.9039107508}},"25.csv":{"Gaussian":{"rho":0.9779275086},"t_Copula":{"rho":0.9635722992,"nu":2.0},"t_Copula_Capped":{"rho":0.9709110806,"nu":4.0},"Clayton":{"theta":120.3247520469},"Frank":{"theta":38.2435110122},"Gumbel":{"theta":7.4842938978},"Plackett":{"theta":624.2571964178},"Gauss Mix Indep":{"rho":0.9982765043,"p":0.8944348564}},"26.csv":{"Gaussian":{"rho":0.9584524235},"t_Copula":{"rho":0.9354563281,"nu":2.0},"t_Copula_Capped":{"rho":0.9470015402,"nu":4.0},"Clayton":{"theta":67.5166766498},"Frank":{"theta":38.2435110122},"Gumbel":{"theta":5.3844855831},"Plackett":{"theta":244.3306698465},"Gauss Mix Indep":{"rho":0.9833105734,"p":0.9141483568}},"27.csv":{"Gaussian":{"rho":0.9560936309},"t_Copula":{"rho":0.9319017399,"nu":2.0},"t_Copula_Capped":{"rho":0.94402359,"nu":4.0},"Clayton":{"theta":46.4424578714},"Frank":{"theta":38.2578845787},"Gumbel":{"theta":5.5383461041},"Plackett":{"theta":226.7746515432},"Gauss Mix Indep":{"rho":0.980723628,"p":0.9167336473}},"28.csv":{"Gaussian":{"rho":0.958566661},"t_Copula":{"rho":0.9356712129,"nu":2.0},"t_Copula_Capped":{"rho":0.9471632675,"nu":4.0},"Clayton":{"theta":50.3976753266},"Frank":{"theta":38.2435110122},"Gumbel":{"theta":5.6587186835},"Plackett":{"theta":244.6457402367},"Gauss Mix Indep":{"rho":0.9829276745,"p":0.9160029843}},"29.csv":{"Gaussian":{"rho":0.9648713858},"t_Copula":{"rho":0.9448038123,"nu":2.0},"t_Copula_Capped":{"rho":0.9554835197,"nu":4.0000000001},"Clayton":{"theta":51.7778176838},"Frank":{"theta":38.2435110122},"Gumbel":{"theta":6.3386625834},"Plackett":{"theta":306.3399459177},"Gauss Mix Indep":{"rho":0.9871140167,"p":0.9175138133}},"3.csv":{"Gaussian":{"rho":0.9694028226},"t_Copula":{"rho":0.9508462713,"nu":2.0},"t_Copula_Capped":{"rho":0.9602422215,"nu":4.0},"Clayton":{"theta":70.4813513541},"Frank":{"theta":38.2435110122},"Gumbel":{"theta":6.5972580034},"Plackett":{"theta":388.1999768204},"Gauss Mix Indep":{"rho":0.9926159694,"p":0.9063427479}},"30.csv":{"Gaussian":{"rho":0.9694018643},"t_Copula":{"rho":0.9518551965,"nu":2.0},"t_Copula_Capped":{"rho":0.9607148472,"nu":4.0},"Clayton":{"theta":56.7648704602},"Frank":{"theta":38.2435110122},"Gumbel":{"theta":6.8210967587},"Plackett":{"theta":364.9481888757},