{"0.csv":{"Gaussian":{"rho":0.985899653},"t_Copula":{"rho":0.9768099974,"nu":2.0},"t_Copula_Capped":{"rho":0.9814791447,"nu":4.0},"Clayton":{"theta":71.8322850107},"Frank":{"theta":38.2435110122},"Gumbel":{"theta":11.302136359},"Plackett":{"theta":1053.1182432688},"Gauss Mix Indep":{"rho":0.9981085592,"p":0.9312773777}},"1.csv":{"Gaussian":{"rho":0.9812204913},"t_Copula":{"rho":0.9695850536,"nu":2.0},"t_Copula_Capped":{"rho":0.9755468396,"nu":4.0},"Clayton":{"theta":107.4970010576},"Frank":{"theta":38.2435110122},"Gumbel":{"theta":8.1752849416},"Plackett":{"theta":726.8935916514},"Gauss Mix Indep":{"rho":0.9976122447,"p":0.9167904615}},"10.csv":{"Gaussian":{"rho":0.9629460318},"t_Copula":{"rho":0.9400370509,"nu":2.0},"t_Copula_Capped":{"rho":0.9516419344,"nu":4.0},"Clayton":{"theta":52.8099180598},"Frank":{"theta":38.2435110122},"Gumbel":{"theta":6.220406518},"Plackett":{"theta":316.0334926055},"Gauss Mix Indep":{"rho":0.9949729097,"p":0.8710310235}},"11.csv":{"Gaussian":{"rho":0.9724733323},"t_Copula":{"rho":0.95528366,"nu":2.0},"t_Copula_Capped":{"rho":0.9640460633,"nu":4.0},"Clayton":{"theta":52.5586062706},"Frank":{"theta":38.2435110122},"Gumbel":{"theta":7.6573135938},"Plackett":{"theta":460.9225232035},"Gauss Mix Indep":{"rho":0.9974455368,"p":0.8837707914}},"2.csv":{"Gaussian":{"rho":0.9732645246},"t_Copula":{"rho":0.9568343307,"nu":2.0},"t_Copula_Capped":{"rho":0.9651811811,"nu":4.0},"Clayton":{"theta":130.2501978973},"Frank":{"theta":38.2435110122},"Gumbel":{"theta":6.4871279007},"Plackett":{"theta":468.6539302803},"Gauss Mix Indep":{"rho":0.9953121613,"p":0.9039647509}},"3.csv":{"Gaussian":{"rho":0.9693819421},"t_Copula":{"rho":0.950806198,"nu":2.0},"t_Copula_Capped":{"rho":0.9602124612,"nu":4.0},"Clayton":{"theta":70.4603150151},"Frank":{"theta":38.2435110122},"Gumbel":{"theta":6.5948814197},"Plackett":{"theta":388.1359558345},"Gauss Mix Indep":{"rho":0.9926464238,"p":0.9061329869}},"4.csv":{"Gaussian":{"rho":0.9732106898},"t_Copula":{"rho":0.956707302,"nu":2.0},"t_Copula_Capped":{"rho":0.9651039957,"nu":4.0},"Clayton":{"theta":84.5670252563},"Frank":{"theta":38.2435110122},"Gumbel":{"theta":6.8911722281},"Plackett":{"theta":467.0277937026},"Gauss Mix Indep":{"rho":0.9958099429,"p":0.8996799953}},"5.csv":{"Gaussian":{"rho":0.9657795745},"t_Copula":{"rho":0.9467877256,"nu":2.0},"t_Copula_Capped":{"rho":0.9563673201,"nu":4.0},"Clayton":{"theta":49.6169300293},"Frank":{"theta":38.3172319679},"Gumbel":{"theta":6.4196766374},"Plackett":{"theta":312.6542705473},"Gauss Mix Indep":{"rho":0.9874184825,"p":0.9213938999}},"6.csv":{"Gaussian":{"rho":0.9687858249},"t_Copula":{"rho":0.9506834735,"nu":2.0},"t_Copula_Capped":{"rho":0.9598389541,"nu":4.0},"Clayton":{"theta":60.5506030273},"Frank":{"theta":38.2435110122},"Gumbel":{"theta":6.5969205469},"Plackett":{"theta":362.0065917931},"Gauss Mix Indep":{"rho":0.9915674532,"p":0.9097305523}},"7.csv":{"Gaussian":{"rho":0.9585666603},"t_Copula":{"rho":0.9356712202,"nu":2.0},"t_Copula_Capped":{"rho":0.9471658108,"nu":4.0},"Clayton":{"theta":50.3976752531},"Frank":{"theta":38.2435110122},"Gumbel":{"theta":5.6587187241},"Plackett":{"theta":244.6456736163},"Gauss Mix Indep":{"rho":0.9829276754,"p":0.9160029818}},"8.csv":{"Gaussian":{"rho":0.9716244389},"t_Copula":{"rho":0.9543715915,"nu":2.0},"t_Copula_Capped":{"rho":0.9631216671,"nu":4.0},"Clayton":{"theta":49.2228589855},"Frank":{"theta":38.2617484067},"Gumbel":{"theta":7.6341014365},"Plackett":{"theta":425.1500363074},"Gauss Mix Indep":{"rho":0.9942978707,"p":0.9031677585}},"9.csv":{"Gaussian":{"rho":0.9698477867},"t_Copula":{"rho":0.9506849508,"nu":2.0},"t_Copula_Capped":{"rho":0.9604043488,"nu":4.0},"Clayton":{"theta":55.1426781087},"Frank":{"theta":38.2435110122},"Gumbel":{"theta":7.1954651797},"Plackett":{"theta":412.2742484207},"Gauss Mix Indep":{"rho":0.9955168784,"p":0.8878537917}}}