,ERM,ES1,ES5,VaR1,VaR5,Var
copula,0.05882769911026143,0.1494254263867506,0.09292172407106228,0.09475194992004714,0.06384835767159705,0.0017549183698067205
cross hedge,0.06226550901129021,0.16733536318969575,0.09790046711913816,0.11078517025275161,0.06229260341244581,0.0018132481926362264
% relative diff,-5.521210627870115,-10.703019649613436,-5.08551510997092,-14.472352478337463,2.497494363577054,-3.21686921108698
spot,0.09616366742682653,0.2610081103199393,0.16329960221286455,0.18739773055843684,0.09556016588009977,0.004075608371038009
