{"0.csv":{"Gaussian":0.3821455196,"t_Copula":0.6086718481,"t_Copula_Capped":0.5927661656,"Clayton":-4.3457190974,"Frank":-0.7905069943,"Gumbel":0.3592231026,"Plackett":0.394613669,"Gauss Mix Indep":0.2496989597},"1.csv":{"Gaussian":0.4476265169,"t_Copula":0.6151509195,"t_Copula_Capped":0.6050693922,"Clayton":-4.1668366346,"Frank":-0.3180143592,"Gumbel":0.4986633906,"Plackett":0.4765508757,"Gauss Mix Indep":0.5041871208},"10.csv":{"Gaussian":0.3301156088,"t_Copula":0.4908221167,"t_Copula_Capped":0.4757345886,"Clayton":-1.8271407988,"Frank":-0.1074758707,"Gumbel":0.3847761274,"Plackett":0.420756389,"Gauss Mix Indep":0.4289550305},"11.csv":{"Gaussian":0.2991466113,"t_Copula":0.4639583323,"t_Copula_Capped":0.4511894714,"Clayton":-1.8407270475,"Frank":-0.0722561185,"Gumbel":0.3798928843,"Plackett":0.4200538814,"Gauss Mix Indep":0.4118848482},"12.csv":{"Gaussian":0.2869671842,"t_Copula":0.4663061142,"t_Copula_Capped":0.4490721478,"Clayton":-1.862527685,"Frank":-0.0814950852,"Gumbel":0.3851006572,"Plackett":0.4254993096,"Gauss Mix Indep":0.4201772477},"13.csv":{"Gaussian":0.2145891782,"t_Copula":0.4230382112,"t_Copula_Capped":0.4017344213,"Clayton":-3.1717043686,"Frank":-0.3445221751,"Gumbel":0.3326337545,"Plackett":0.3230593564,"Gauss Mix Indep":0.2174837729},"14.csv":{"Gaussian":0.2310696911,"t_Copula":0.4431904506,"t_Copula_Capped":0.4228491384,"Clayton":-5.4853049668,"Frank":-0.3572475444,"Gumbel":0.3567858341,"Plackett":0.3536003289,"Gauss Mix Indep":0.2683437438},"15.csv":{"Gaussian":0.1702247416,"t_Copula":0.449891931,"t_Copula_Capped":0.418552106,"Clayton":-6.5880738757,"Frank":-0.4899817096,"Gumbel":0.3369422343,"Plackett":0.3570944199,"Gauss Mix Indep":0.2204090637},"16.csv":{"Gaussian":0.140504039,"t_Copula":0.4849166228,"t_Copula_Capped":0.4440125341,"Clayton":-8.4949087191,"Frank":-0.5517531797,"Gumbel":0.4081891906,"Plackett":0.3941750275,"Gauss Mix Indep":0.1517478977},"17.csv":{"Gaussian":0.096342735,"t_Copula":0.5283801906,"t_Copula_Capped":0.4803386231,"Clayton":-6.7211483136,"Frank":-0.7631037026,"Gumbel":0.3839696761,"Plackett":0.4133775807,"Gauss Mix Indep":-0.0388064878},"18.csv":{"Gaussian":0.1660816811,"t_Copula":0.5360955394,"t_Copula_Capped":0.4911562925,"Clayton":-4.2419377867,"Frank":-0.5425805031,"Gumbel":0.4074213625,"Plackett":0.4410763001,"Gauss Mix Indep":0.2447710006},"19.csv":{"Gaussian":0.0145957162,"t_Copula":0.5848654906,"t_Copula_Capped":0.5249958943,"Clayton":-7.656856401,"Frank":-1.260535388,"Gumbel":0.3504750735,"Plackett":0.3741028083,"Gauss Mix Indep":-0.2973545873},"2.csv":{"Gaussian":0.4497753797,"t_Copula":0.5609895769,"t_Copula_Capped":0.5563882776,"Clayton":-0.0137389841,"Frank":0.0697940967,"Gumbel":0.465452236,"Plackett":0.5016295948,"Gauss Mix Indep":0.5636661789},"20.csv":{"Gaussian":0.1747061324,"t_Copula":0.5356539881,"t_Copula_Capped":0.4820299944,"Clayton":-2.0612421583,"Frank":-0.6272378195,"Gumbel":0.350193476,"Plackett":0.3990055898,"Gauss Mix Indep":0.3233262189},"21.csv":{"Gaussian":0.2095342532,"t_Copula":0.4714076677,"t_Copula_Capped":0.4339170175,"Clayton":-2.2696311229,"Frank":-0.5220393361,"Gumbel":0.3039248,"Plackett":0.3563779917,"Gauss Mix Indep":0.2718375381},"22.csv":{"Gaussian":0.2644147641,"t_Copula":0.5162696001,"t_Copula_Capped":0.4828682137,"Clayton":-2.3034464909,"Frank":-0.4863288237,"Gumbel":0.3580095976,"Plackett":0.3963476038,"Gauss Mix Indep":0.4084902266},"23.csv":{"Gaussian":0.3651291926,"t_Copula":0.3889112091,"t_Copula_Capped":0.3889111716,"Clayton":0.3428516854,"Frank":-0.0017559678,"Gumbel":0.4041741966,"Plackett":0.4053346556,"Gauss Mix Indep":0.4611688342},"3.csv":{"Gaussian":0.4870014026,"t_Copula":0.5372956773,"t_Copula_Capped":0.5372956777,"Clayton":0.3701097285,"Frank":0.148016178,"Gumbel":0.4330115171,"Plackett":0.4725124306,"Gauss Mix Indep":0.5289867689},"4.csv":{"Gaussian":0.4423343269,"t_Copula":0.5073195655,"t_Copula_Capped":0.5073195687,"Clayton":0.4469266444,"Frank":0.1836552045,"Gumbel":0.4159447567,"Plackett":0.4691147431,"Gauss Mix Indep":0.5102812424},"5.csv":{"Gaussian":0.4076625328,"t_Copula":0.4857572373,"t_Copula_Capped":0.4829798284,"Clayton":0.3555940146,"Frank":0.0931539749,"Gumbel":0.3907620984,"Plackett":0.42498405,"Gauss Mix Indep":0.4552364566},"6.csv":{"Gaussian":0.3987960589,"t_Copula":0.4693660897,"t_Copula_Capped":0.4681654798,"Clayton":0.3792344093,"Frank":0.0788804278,"Gumbel":0.3747033188,"Plackett":0.4061314121,"Gauss Mix Indep":0.4271383585},"7.csv":{"Gaussian":0.3508650343,"t_Copula":0.4299360794,"t_Copula_Capped":0.4269113662,"Clayton":0.357579251,"Frank":0.1388219751,"Gumbel":0.3394998765,"Plackett":0.3991333161,"Gauss Mix Indep":0.4179148125},"8.csv":{"Gaussian":0.3606427724,"t_Copula":0.4882098065,"t_Copula_Capped":0.484222527,"Clayton":-0.9466273381,"Frank":-0.0870007829,"Gumbel":0.3691990959,"Plackett":0.4180197385,"Gauss Mix Indep":0.4280373619},"9.csv":{"Gaussian":0.3758561911,"t_Copula":0.5014687849,"t_Copula_Capped":0.490618888,"Clayton":0.1483132543,"Frank":0.0267399527,"Gumbel":0.4126721344,"Plackett":0.4491027244,"Gauss Mix Indep":0.4841366434}}