{"68.csv":{"Gaussian":0.3712986063,"t_Copula":0.492604765,"t_Copula_Capped":0.4881566037,"Clayton":0.0868283502,"Frank":-0.1942524827,"Gumbel":0.2441599727,"Plackett":0.4118494777,"Gauss Mix Indep":0.4075282435},"6.csv":{"Gaussian":0.3287004146,"t_Copula":0.3668953186,"t_Copula_Capped":0.3670209627,"Clayton":0.3851342773,"Frank":0.129366918,"Gumbel":0.2825668649,"Plackett":0.3074179942,"Gauss Mix Indep":0.357405677},"54.csv":{"Gaussian":0.2983070861,"t_Copula":0.4504663574,"t_Copula_Capped":0.4439878308,"Clayton":0.0681935741,"Frank":-0.4104639381,"Gumbel":0.1806112205,"Plackett":0.3042141153,"Gauss Mix Indep":0.174936036},"40.csv":{"Gaussian":0.2325609215,"t_Copula":0.4129753739,"t_Copula_Capped":0.4029081317,"Clayton":0.251214928,"Frank":-0.473575767,"Gumbel":0.0722524788,"Plackett":0.243918765,"Gauss Mix Indep":0.0588129007},"41.csv":{"Gaussian":0.2514678653,"t_Copula":0.4297577459,"t_Copula_Capped":0.4207476879,"Clayton":0.2535834159,"Frank":-0.4300877095,"Gumbel":0.0934677777,"Plackett":0.267376649,"Gauss Mix Indep":0.1130291893},"7.csv":{"Gaussian":0.3214296509,"t_Copula":0.3614880732,"t_Copula_Capped":0.3618230112,"Clayton":0.3797337326,"Frank":0.119423937,"Gumbel":0.2772973195,"Plackett":0.3001624598,"Gauss Mix Indep":0.3493732164},"55.csv":{"Gaussian":0.2807741937,"t_Copula":0.4474278343,"t_Copula_Capped":0.4392272651,"Clayton":-0.125272571,"Frank":-0.4807362291,"Gumbel":0.1626111308,"Plackett":0.2921820834,"Gauss Mix Indep":0.1318070633},"69.csv":{"Gaussian":0.3448093639,"t_Copula":0.4823030729,"t_Copula_Capped":0.4756886101,"Clayton":-0.0507662129,"Frank":-0.2739774499,"Gumbel":0.2161269945,"Plackett":0.392768463,"Gauss Mix Indep":0.3674223031},"80.csv":{"Gaussian":0.2863923428,"t_Copula":0.4519154888,"t_Copula_Capped":0.4474439367,"Clayton":-0.018507273,"Frank":-0.2550697973,"Gumbel":0.2008975172,"Plackett":0.3742825159,"Gauss Mix Indep":0.3431354361},"43.csv":{"Gaussian":0.313084941,"t_Copula":0.4424418647,"t_Copula_Capped":0.4392056531,"Clayton":0.2577045255,"Frank":-0.2596710472,"Gumbel":0.1842394326,"Plackett":0.3346249067,"Gauss Mix Indep":0.3152390315},"57.csv":{"Gaussian":0.3143889228,"t_Copula":0.4445022506,"t_Copula_Capped":0.4394612682,"Clayton":0.1481622728,"Frank":-0.300457087,"Gumbel":0.2268165432,"Plackett":0.3180853623,"Gauss Mix Indep":0.2398922189},"5.csv":{"Gaussian":0.3286483864,"t_Copula":0.3664244353,"t_Copula_Capped":0.3665014634,"Clayton":0.3864019841,"Frank":0.1274721373,"Gumbel":0.2812752411,"Plackett":0.3058817776,"Gauss Mix Indep":0.356295117},"56.csv":{"Gaussian":0.2761793297,"t_Copula":0.4420300812,"t_Copula_Capped":0.4345399611,"Clayton":-0.1337579269,"Frank":-0.4948779059,"Gumbel":0.1570327342,"Plackett":0.2832608376,"Gauss Mix Indep":0.0971984054},"4.csv":{"Gaussian":0.3232671477,"t_Copula":0.3680730793,"t_Copula_Capped":0.3716500728,"Clayton":0.3844115932,"Frank":0.0557106717,"Gumbel":0.2695802103,"Plackett":0.2928854594,"Gauss Mix Indep":0.3299582553},"42.csv":{"Gaussian":0.3451135794,"t_Copula":0.449607726,"t_Copula_Capped":0.4499205532,"Clayton":0.2298184591,"Frank":-0.3267402167,"Gumbel":0.1485081803,"Plackett":0.3119774768,"Gauss Mix Indep":0.2666070387},"46.csv":{"Gaussian":0.2379258981,"t_Copula":0.416901952,"t_Copula_Capped":0.4066734967,"Clayton":-0.072661551,"Frank":-0.5226949468,"Gumbel":0.1079681304,"Plackett":0.2680532919,"Gauss Mix Indep":0.1363025575},"0.csv":{"Gaussian":0.3108905007,"t_Copula":0.3429188934,"t_Copula_Capped":0.3443163692,"Clayton":0.324025009,"Frank":0.0643802576,"Gumbel":0.26394797,"Plackett":0.2797978915,"Gauss Mix Indep":0.3150817135},"52.csv":{"Gaussian":0.3246756247,"t_Copula":0.4452131149,"t_Copula_Capped":0.438960344,"Clayton":0.3259145683,"Frank":-0.2576990411,"Gumbel":0.2234222779,"Plackett":0.3237721105,"Gauss Mix Indep":0.3021846159},"1.csv":{"Gaussian":0.3298538387,"t_Copula":0.3691225051,"t_Copula_Capped":0.3691451064,"Clayton":0.379098963,"Frank":0.0800673517,"Gumbel":0.2755187343,"Plackett":0.295022846,"Gauss Mix Indep":0.3475876686},"53.csv":{"Gaussian":0.3178780534,"t_Copula":0.4492296989,"t_Copula_Capped":0.4427016211,"Clayton":0.2635955557,"Frank":-0.3038868985,"Gumbel":0.210925339,"Plackett":0.318625407,"Gauss Mix Indep":0.2581578672},"47.csv":{"Gaussian":0.2738275717,"t_Copula":0.4158188084,"t_Copula_Capped":0.4101741728,"Clayton":0.0898810617,"Frank":-0.4002158273,"Gumbel":0.1588732764,"Plackett":0.2792112278,"Gauss Mix Indep":0.2170932272},"51.csv":{"Gaussian":0.3215877505,"t_Copula":0.4427514541,"t_Copula_Capped":0.4376700268,"Clayton":0.2293866994,"Frank":-0.3064846358,"Gumbel":0.2110078452,"Plackett":0.3133555313,"Gauss Mix Indep":0.2854416353},"3.csv":{"Gaussian":0.3270059235,"t_Copula":0.3692288896,"t_Copula_Capped":0.3692611452,"Clayton":0.3786526561,"Frank":0.0806244369,"Gumbel":0.2752078638,"Plackett":0.2982412386,"Gauss Mix Indep":0.3480582115},"45.csv":{"Gaussian":0.2634374171,"t_Copula":0.4303606267,"t_Copula_Capped":0.4234026373,"Clayton":-0.0858213999,"Frank":-0.4751756683,"Gumbel":0.1279842734,"Plackett":0.2857788549,"Gauss Mix Indep":0.1810542451},"79.csv":{"Gaussian":0.3349689572,"t_Copula":0.4763644296,"t_Copula_Capped":0.4719559726,"Clayton":-0.0756879763,"Frank":-0.2090686413,"Gumbel":0.234098888,"Plackett":0.3977385646,"Gauss Mix Indep":0.3968855325},"78.csv":{"Gaussian":0.3745372172,"t_Copula":0.4969918563,"t_Copula_Capped":0.4942695663,"Clayton":-0.2347297649,"Frank":-0.2185336837,"Gumbel":0.2519630632,"Plackett":0.4145148714,"Gauss Mix Indep":0.4053971118},"44.csv":{"Gaussian":0.3027546405,"t_Copula":0.4308922783,"t_Copula_Capped":0.4277549728,"Clayton":0.2555560143,"Frank":-0.292419453,"Gumbel":0.1712447369,"Plackett":0.3147428525,"Gauss Mix Indep":0.2834889201},"50.csv":{"Gaussian":0.3287484944,"t_Copula":0.4398833089,"t_Copula_Capped":0.436909307,"Clayton":0.311961641,"Frank":-0.2483229058,"Gumbel":0.2196266147,"Plackett":0.3203240572,"Gauss Mix Indep":0.3071128016},"2.csv":{"Gaussian":0.3224705758,"t_Copula":0.3657259113,"t_Copula_Capped":0.3658880449,"Clayton":0.3719700126,"Frank":0.0730297606,"Gumbel":0.2730609633,"Plackett":0.292900206,"Gauss Mix Indep":0.3424508367},"37.csv":{"Gaussian":0.3117595132,"t_Copula":0.4009833737,"t_Copula_Capped":0.404195029,"Clayton":0.443117982,"Frank":-0.0791345963,"Gumbel":0.182344109,"Plackett":0.3065760696,"Gauss Mix Indep":0.3127320422},"23.csv":{"Gaussian":0.3270237571,"t_Copula":0.3950053085,"t_Copula_Capped":0.4032849426,"Clayton":0.4138119899,"Frank":-0.0058149337,"Gumbel":0.2696877238,"Plackett":0.2992379045,"Gauss Mix Indep":0.3431745331},"22.csv":{"Gaussian":0.3335998597,"t_Copula":0.400043109,"t_Copula_Capped":0.4080148252,"Clayton":0.4112127875,"Frank":0.0061756995,"Gumbel":0.2772692106,"Plackett":0.3055415529,"Gauss Mix Indep":0.3534873368},"36.csv":{"Gaussian":0.3201624343,"t_Copula":0.4143979253,"t_Copula_Capped":0.4222216965,"Clayton":0.4459164664,"Frank":-0.0941374281,"Gumbel":0.2292915818,"Plackett":0.3259234228,"Gauss Mix Indep":0.3290136128},"20.csv":{"Gaussian":0.3016129026,"t_Copula":0.3844972161,"t_Copula_Capped":0.3948673377,"Clayton":0.3465703989,"Frank":-0.1503044045,"Gumbel":0.2481311354,"Plackett":0.2532052005,"Gauss Mix Indep":0.2432997106},"34.csv":{"Gaussian":0.3295615206,"t_Copula":0.4056499416,"t_Copula_Capped":0.4138401549,"Clayton":0.4604779175,"Frank":-0.0032416187,"Gumbel":0.2541484588,"Plackett":0.3297577856,"Gauss Mix Indep":0.35985373},"35.csv":{"Gaussian":0.338079474,"t_Copula":0.4175356256,"t_Copula_Capped":0.4256767126,"Clayton":0.4777291614,"Frank":-0.0067242447,"Gumbel":0.2470261317,"Plackett":0.3441823616,"Gauss Mix Indep":0.3796033882},"21.csv":{"Gaussian":0.3259828082,"t_Copula":0.3982358596,"t_Copula_Capped":0.4056520585,"Clayton":0.4114418688,"Frank":0.0015873152,"Gumbel":0.2731049945,"Plackett":0.3031905693,"Gauss Mix Indep":0.3529686832},"25.csv":{"Gaussian":0.3452467492,"t_Copula":0.3975734234,"t_Copula_Capped":0.3999803397,"Clayton":0.417465543,"Frank":0.0293809781,"Gumbel":0.276008967,"Plackett":0.3059986611,