{"0.csv":{"Gaussian":0.526978725,"t_Copula":0.5765312778,"t_Copula_Capped":0.5740702952,"Clayton":0.493551681,"Frank":0.4930535773,"Gumbel":0.5031841766,"Plackett":0.5433007246,"Gauss Mix Indep":0.5612946495},"1.csv":{"Gaussian":0.4579591861,"t_Copula":0.4970692644,"t_Copula_Capped":0.4969182531,"Clayton":0.4163254002,"Frank":0.43613317,"Gumbel":0.4371778165,"Plackett":0.4740579488,"Gauss Mix Indep":0.4886426629},"10.csv":{"Gaussian":0.4013950525,"t_Copula":0.5213132579,"t_Copula_Capped":0.4944769752,"Clayton":0.3165282522,"Frank":0.3813888329,"Gumbel":0.4712445398,"Plackett":0.4720428648,"Gauss Mix Indep":0.5242322137},"11.csv":{"Gaussian":0.43708315,"t_Copula":0.5691292614,"t_Copula_Capped":0.5394012708,"Clayton":0.3687658438,"Frank":0.4142436731,"Gumbel":0.5014834821,"Plackett":0.5163263525,"Gauss Mix Indep":0.5713652551},"12.csv":{"Gaussian":0.4034874641,"t_Copula":0.5373263915,"t_Copula_Capped":0.5023027111,"Clayton":0.3555114387,"Frank":0.3680066121,"Gumbel":0.4589161894,"Plackett":0.4719213522,"Gauss Mix Indep":0.549070747},"13.csv":{"Gaussian":0.4385147418,"t_Copula":0.5737511823,"t_Copula_Capped":0.538273025,"Clayton":0.4095559499,"Frank":0.393210855,"Gumbel":0.4844402893,"Plackett":0.4928647297,"Gauss Mix Indep":0.5739975079},"14.csv":{"Gaussian":0.4300283643,"t_Copula":0.5036758098,"t_Copula_Capped":0.4883477929,"Clayton":0.3851202523,"Frank":0.3832650545,"Gumbel":0.4380200009,"Plackett":0.4630782958,"Gauss Mix Indep":0.4987766226},"2.csv":{"Gaussian":0.4317097926,"t_Copula":0.457650459,"t_Copula_Capped":0.4583075783,"Clayton":0.3858605339,"Frank":0.4145079728,"Gumbel":0.403607659,"Plackett":0.4432373737,"Gauss Mix Indep":0.4497172823},"3.csv":{"Gaussian":0.4334157194,"t_Copula":0.4801576747,"t_Copula_Capped":0.4789101022,"Clayton":0.3899479407,"Frank":0.4167901902,"Gumbel":0.4207747195,"Plackett":0.4610783007,"Gauss Mix Indep":0.4722629685},"4.csv":{"Gaussian":0.4351846309,"t_Copula":0.5029054701,"t_Copula_Capped":0.4955994671,"Clayton":0.3945719309,"Frank":0.4183063489,"Gumbel":0.43754811,"Plackett":0.4792022745,"Gauss Mix Indep":0.4959389266},"5.csv":{"Gaussian":0.4449423136,"t_Copula":0.5215520833,"t_Copula_Capped":0.5122874218,"Clayton":0.4021118112,"Frank":0.4298017691,"Gumbel":0.4522938962,"Plackett":0.5008158376,"Gauss Mix Indep":0.5171876958},"6.csv":{"Gaussian":0.4315189884,"t_Copula":0.5241385041,"t_Copula_Capped":0.5090186764,"Clayton":0.388822102,"Frank":0.4220238459,"Gumbel":0.449668176,"Plackett":0.5038446766,"Gauss Mix Indep":0.5242520954},"7.csv":{"Gaussian":0.3843691522,"t_Copula":0.4420422149,"t_Copula_Capped":0.4371387807,"Clayton":0.3078348479,"Frank":0.3712212546,"Gumbel":0.4049869062,"Plackett":0.4317272087,"Gauss Mix Indep":0.4420516088},"8.csv":{"Gaussian":0.3672659882,"t_Copula":0.4382511613,"t_Copula_Capped":0.4274567039,"Clayton":0.2959504285,"Frank":0.351243603,"Gumbel":0.3943047415,"Plackett":0.4216117349,"Gauss Mix Indep":0.4445668521},"9.csv":{"Gaussian":0.3858134227,"t_Copula":0.484192094,"t_Copula_Capped":0.4638413574,"Clayton":0.308911928,"Frank":0.3771294214,"Gumbel":0.4304888883,"Plackett":0.4664237294,"Gauss Mix Indep":0.4954413715}}