,Variance,ES q=0.05,ES q=0.01,VaR q=0.05,VaR q=0.01,ERM k=10
Clayton,8.224903531592455e-05,8.241626672475549e-05,0.00012308659410745194,8.276505566079752e-05,9.860846402641732e-05,8.075088791685916e-05
Frank,0.00028688024788890904,0.0004463312951899431,0.0002487871601511827,0.0004897419175598668,0.00035743027873039364,0.00039859055286470957
Gauss Mix Indep,8.368193894888704e-05,8.13381893734975e-05,8.841847390617389e-05,8.14776294197147e-05,8.174734551534998e-05,8.205958455222394e-05
Gaussian,8.136662170151136e-05,8.12074757318198e-05,8.016884297861071e-05,8.33023873293213e-05,7.938349838084391e-05,8.143475653309558e-05
Gumbel,8.091384679625176e-05,8.806836644311749e-05,0.00010761356758605826,8.707536098172883e-05,9.067662061568307e-05,8.453749761600872e-05
NIG,8.19726411686239e-05,8.242385033969108e-05,8.614312941521053e-05,8.332396530944683e-05,8.549695187864971e-05,8.223833797976463e-05
Plackett,8.201431119631377e-05,7.941561043045867e-05,8.234468404108697e-05,8.161235925501104e-05,8.16442796915562e-05,8.334317958485972e-05
rotGumbel,8.167711549356484e-05,8.266615295373797e-05,9.385711691583589e-05,7.973720205513655e-05,8.763482722963315e-05,8.344147562599211e-05
t_Copula,8.26102306282224e-05,8.22610079593297e-05,8.319829140397495e-05,8.225292663673362e-05,8.214982625497004e-05,8.244845221749134e-05
