,Variance,ES q=0.05,ES q=0.01,VaR q=0.05,VaR q=0.01,ERM k=10
Clayton,5.883117808573893e-05,5.888665361332127e-05,8.913101061659557e-05,6.25420410802232e-05,6.551118922648022e-05,5.876867598992223e-05
Frank,0.00021996040399415047,0.0003777485772257971,0.00021696828903464095,0.00013380242656200407,0.0003227434928257218,0.0002851169394257694
Gauss Mix Indep,5.8497130450101214e-05,5.829594201993452e-05,6.719730542278854e-05,6.377436190819821e-05,6.54081910121649e-05,6.036918879706377e-05
Gaussian,5.978856577676228e-05,5.889268303610272e-05,6.106213216905526e-05,6.191733465955014e-05,6.004375629710957e-05,6.025629408992835e-05
Gumbel,5.9605049757133224e-05,6.578091755652846e-05,8.273640262620729e-05,6.669334952353637e-05,6.921555800563564e-05,6.321251552538021e-05
NIG,5.7239219346723e-05,5.910920785220418e-05,6.372441833871545e-05,5.8544942773289545e-05,7.028895396952558e-05,5.748367664266126e-05
Plackett,6.011603870531797e-05,5.9819053941740815e-05,6.306979098141467e-05,6.0850238641270314e-05,6.420726342877129e-05,6.127074621753777e-05
rotGumbel,5.9564996587892e-05,6.0873672055408846e-05,6.721316871525255e-05,5.853762977062083e-05,6.3890661814193e-05,6.15041249719243e-05
t_Copula,5.872331101185744e-05,5.8677185135337664e-05,5.944338216312795e-05,6.043304065805158e-05,6.014447412454742e-05,5.9698915297541586e-05
