{"0.csv":{"Gaussian":0.6158883631,"t_Copula":0.745785947,"t_Copula_Capped":0.7323951722,"Clayton":0.6042174117,"Frank":0.5926348384,"Gumbel":0.6421221428,"Plackett":0.6753502793,"Gauss Mix Indep":0.7178764081},"1.csv":{"Gaussian":0.6139407013,"t_Copula":0.7484451721,"t_Copula_Capped":0.7315454016,"Clayton":0.6149919184,"Frank":0.6004935642,"Gumbel":0.6332484255,"Plackett":0.6811302432,"Gauss Mix Indep":0.7123766176},"10.csv":{"Gaussian":0.5625188101,"t_Copula":0.7127672475,"t_Copula_Capped":0.6896899136,"Clayton":0.5364241123,"Frank":0.5433103817,"Gumbel":0.6121868949,"Plackett":0.6362936598,"Gauss Mix Indep":0.6851588534},"11.csv":{"Gaussian":0.5684823081,"t_Copula":0.7214447948,"t_Copula_Capped":0.6977342002,"Clayton":0.5458665202,"Frank":0.5508673875,"Gumbel":0.6176963817,"Plackett":0.6464231633,"Gauss Mix Indep":0.693445966},"12.csv":{"Gaussian":0.5624145014,"t_Copula":0.7078939548,"t_Copula_Capped":0.6860418939,"Clayton":0.5333684198,"Frank":0.5462939224,"Gumbel":0.6095411217,"Plackett":0.6366149552,"Gauss Mix Indep":0.6781550576},"13.csv":{"Gaussian":0.5739308383,"t_Copula":0.7211162145,"t_Copula_Capped":0.6983651329,"Clayton":0.5380797164,"Frank":0.5555777957,"Gumbel":0.6247737461,"Plackett":0.6495234223,"Gauss Mix Indep":0.6903111263},"14.csv":{"Gaussian":0.580547524,"t_Copula":0.7350709892,"t_Copula_Capped":0.7111283789,"Clayton":0.5450423307,"Frank":0.5625676516,"Gumbel":0.6367237942,"Plackett":0.6607842308,"Gauss Mix Indep":0.7068780303},"15.csv":{"Gaussian":0.5748497542,"t_Copula":0.7333670809,"t_Copula_Capped":0.7069115769,"Clayton":0.5415718089,"Frank":0.5553883692,"Gumbel":0.6328633178,"Plackett":0.6571974391,"Gauss Mix Indep":0.7026938132},"16.csv":{"Gaussian":0.5691981406,"t_Copula":0.728747041,"t_Copula_Capped":0.7015370823,"Clayton":0.5328298755,"Frank":0.546319443,"Gumbel":0.6307617695,"Plackett":0.6479985132,"Gauss Mix Indep":0.6971528774},"17.csv":{"Gaussian":0.5609010267,"t_Copula":0.7229340031,"t_Copula_Capped":0.6952689373,"Clayton":0.5217967522,"Frank":0.5413792436,"Gumbel":0.6261331053,"Plackett":0.6432148647,"Gauss Mix Indep":0.6917330566},"18.csv":{"Gaussian":0.5718530402,"t_Copula":0.7349983725,"t_Copula_Capped":0.7093337536,"Clayton":0.5272192827,"Frank":0.5538534293,"Gumbel":0.6405769483,"Plackett":0.656993164,"Gauss Mix Indep":0.7038440539},"19.csv":{"Gaussian":0.5726972382,"t_Copula":0.7407548171,"t_Copula_Capped":0.7126429554,"Clayton":0.5249268315,"Frank":0.5529180592,"Gumbel":0.6461327075,"Plackett":0.6612061697,"Gauss Mix Indep":0.7079436172},"2.csv":{"Gaussian":0.6170209383,"t_Copula":0.7484751522,"t_Copula_Capped":0.7326719784,"Clayton":0.6201188867,"Frank":0.6048127314,"Gumbel":0.6326557466,"Plackett":0.6840946345,"Gauss Mix Indep":0.7139024681},"20.csv":{"Gaussian":0.5712409573,"t_Copula":0.7422755822,"t_Copula_Capped":0.7129744458,"Clayton":0.5243361802,"Frank":0.5528736494,"Gumbel":0.6458792428,"Plackett":0.6638412745,"Gauss Mix Indep":0.7087711624},"21.csv":{"Gaussian":0.5713564028,"t_Copula":0.744929348,"t_Copula_Capped":0.7158372237,"Clayton":0.5214288511,"Frank":0.5577503225,"Gumbel":0.6492004829,"Plackett":0.6687008162,"Gauss Mix Indep":0.7149992237},"22.csv":{"Gaussian":0.5854173215,"t_Copula":0.7590465506,"t_Copula_Capped":0.7303622853,"Clayton":0.5351878577,"Frank":0.5686380192,"Gumbel":0.664270824,"Plackett":0.6793057339,"Gauss Mix Indep":0.7262667022},"23.csv":{"Gaussian":0.592355483,"t_Copula":0.7727995411,"t_Copula_Capped":0.7431059059,"Clayton":0.5525712506,"Frank":0.57742589,"Gumbel":0.6704646771,"Plackett":0.6917690991,"Gauss Mix Indep":0.7419839991},"24.csv":{"Gaussian":0.5874201077,"t_Copula":0.767305829,"t_Copula_Capped":0.7375578524,"Clayton":0.5569726802,"Frank":0.5720382357,"Gumbel":0.6610335818,"Plackett":0.6855014629,"Gauss Mix Indep":0.734592574},"25.csv":{"Gaussian":0.6510008261,"t_Copula":0.7595283352,"t_Copula_Capped":0.7422913305,"Clayton":0.5649557522,"Frank":0.5978405837,"Gumbel":0.6882571449,"Plackett":0.6955068724,"Gauss Mix Indep":0.735639957},"26.csv":{"Gaussian":0.6618756252,"t_Copula":0.7665458828,"t_Copula_Capped":0.7513747165,"Clayton":0.5725323349,"Frank":0.6133852958,"Gumbel":0.6957914657,"Plackett":0.7081961506,"Gauss Mix Indep":0.7444275574},"27.csv":{"Gaussian":0.6487369474,"t_Copula":0.7597004247,"t_Copula_Capped":0.7416434225,"Clayton":0.5647692268,"Frank":0.6012605399,"Gumbel":0.6859149721,"Plackett":0.6993453919,"Gauss Mix Indep":0.7365100205},"28.csv":{"Gaussian":0.6531414559,"t_Copula":0.7565247909,"t_Copula_Capped":0.7406435909,"Clayton":0.5639123681,"Frank":0.6061746459,"Gumbel":0.6867670092,"Plackett":0.6997490343,"Gauss Mix Indep":0.7318303973},"29.csv":{"Gaussian":0.6451770856,"t_Copula":0.7450195238,"t_Copula_Capped":0.7298123334,"Clayton":0.5455049165,"Frank":0.601222935,"Gumbel":0.6814851398,"Plackett":0.6929260787,"Gauss Mix Indep":0.7211041427},"3.csv":{"Gaussian":0.6137971525,"t_Copula":0.743739772,"t_Copula_Capped":0.7283216079,"Clayton":0.6145504502,"Frank":0.6000841566,"Gumbel":0.6296442927,"Plackett":0.6789419405,"Gauss Mix Indep":0.7086684108},"30.csv":{"Gaussian":0.6609700028,"t_Copula":0.757026722,"t_Copula_Capped":0.7433507744,"Clayton":0.5661861275,"Frank":0.6159433736,"Gumbel":0.6890172003,"Plackett":0.7099467115,"Gauss Mix Indep":0.7343640975},"31.csv":{"Gaussian":0.6701530369,"t_Copula":0.7552017112,"t_Copula_Capped":0.7455959098,"Clayton":0.5623683521,"Frank":0.6201509762,"Gumbel":0.6969479449,"Plackett":0.7159984617,"Gauss Mix Indep":0.7381298398},"32.csv":{"Gaussian":0.6654317261,"t_Copula":0.753144769,"t_Copula_Capped":0.7429140223,"Clayton":0.5581561644,"Frank":0.6156182234,"Gumbel":0.6945745809,"Plackett":0.7136160564,"Gauss Mix Indep":0.7358358736},"33.csv":{"Gaussian":0.6568352803,"t_Copula":0.7447846076,"t_Copula_Capped":0.7345068412,"Clayton":0.5543508914,"Frank":0.6038277079,"Gumbel":0.6857226421,"Plackett":0.7006895964,"Gauss Mix Indep":0.7268002914},"34.csv":{"Gaussian":0.6454802588,"t_Copula":0.7385193352,"t_Copula_Capped":0.726062508,"Clayton":0.5486968102,"Frank":0.5914084594,"Gumbel":0.6769148976,"Plackett":0.6908567915,"Gauss Mix Indep":0.7185292275},"35.csv":{"Gaussian":0.6433741132,"t_Copula":0.7380947727,"t_Copula_Capped":0.7250556045,"Clayton":0.5454998756,"Frank":0.5898445583,"Gumbel":0.6769131641,"Plackett":0.6912558525,"Gauss Mix Indep":0.7178005961},"36.csv":{"Gaussian":0.6442269017,"t_Copula":0.7351452445,"t_Copula_Capped":0.723768606,"Clayton":0.5485456938,"Frank":0.5913840952,"Gumbel":0.6733337517,"Plackett":0.6905374641,"Gauss Mix Indep":0.7169993348},"37.csv":{"Gaussian":0.6367438646,"t_Copula":0.725791312,"t_Copula_Capped":0.7149072471,"Clayton":0.5405739421,"Frank":0.5820505423,"Gumbel":0.6662188458,"Plackett":0.6780291295,"Gauss Mix Indep":0.7082294561},"38.csv":{"Gaussian":0.6263261365,"t_Copula":0.7082202415,"t_Copula_Capped":0.6986655835,"Clayton":0.5292946405,"Frank":0.5651604461,"Gumbel":0.652931114,"Plackett":0.6554130602,"Gauss Mix Indep":0.6894046169},"39.csv":{"Gaussian":0.622685623,"t_Copula":0.6996144617,"t_Copula_Capped":0.691333211,"Clayton":0.5236890497,"Frank":0.5627077397,"Gumbel":0.6470086543,"Plackett":0.6482895369,"Gauss Mix Indep":0.6815270811},"4.csv":{"Gaussian":0.5856479221,"t_Copula":0.7173555822,"t_Copula_Capped":0.6998072726,"Clayton":0.5791668362,"Frank":0.5703401651,"Gumbel":0.6065958757,"Plackett":0.6543051491,"Gauss Mix Indep":0.6868975454},"40.csv":{"Gaussian":0.6138272387,"t_Copula":0.6854541961,"t_Copula_Capped":0.6785372185,"Clayton":0.515946789,"Frank":0.5515049745,"Gumbel":0.6348569451,"Plackett":0.6316622469,"Gauss Mix Indep":0.6676192628},"41.csv":{"Gaussian":0.6148681841,"t_Copula":0.6788748662,"t_Copula_Capped":0.6743457998,"Clayton":0.5079075147,"Frank":0.552509387,"Gumbel":0.6352312842,"Plackett":0.6272164084,"Gauss Mix Indep":0.664129008},"42.csv":{"Gaussian":0.6194571361,"t_Copula":0.6815761798,"t_Copula_Capped":0.6776157035,"Clayton":0.5109140824,"Frank":0.5593086426,"Gumbel":0.6380282621,"Plackett":0.6332589071,"Gauss Mix Indep":0.6670206362},